CodigoSIAFIMunicipio|PerdaConvenio
1305|2016756
4699|100000
916|306140
8047|14132892
9289|1834970
7621|225000
7841|143617
3257|66645
3031|1872803
3737|318000
773|3810000
2243|2034250
3379|1015114
2829|1816850
6191|140000
1383|2032946
3617|218530
985|1278750
3221|445000
5259|195000
3205|834499
521|3380868
5347|98900
1297|489600
789|1013629
8555|1203200
4079|4211241
5971|20000
363|340000
996|331260
1547|4783175
7523|161000
2951|5205280
2301|1892621
4045|444200
2007|1415000
8377|394950
1160|249600
8277|0
7343|150000
2205|240449
905|424787
131|1284089
9273|195000
3761|1660102
3623|2971092
562|1669950
4093|286282
703|895000
6635|1415000
3543|1300000
2795|3244600
967|8672780
626|300000
5811|5175742
2121|785250
260|203007
3975|175500
9417|679500
5031|257378
5935|200000
6881|587100
1747|17800
8801|378588031
8845|3368940
8093|726400
7203|150000
5831|517000
161|865147
7829|650000
1525|3140222
2255|66543
9547|1335235
2749|831957
1053|1771500
8761|243750
6471|100000
3809|602990
4265|232321
8585|1291750
9363|350000
8357|3903093
421|488768
9671|254129
2535|703950
658|676100
955|275667
4117|1246325
4105|674659
2991|513700
49|820850
8677|145960
5871|9140875
6185|147500
813|2039012
93|460350
940|226063
937|1544543
21|3329751
5515|143190
4355|118482
8289|1077521
5833|37050461
1901|1318750
257|7014597
1895|1172050
1161|1440983
9817|1000000
1483|2221550
1369|1651101
646|438950
1029|1017431
3313|2085000
6077|44000
9323|1688550
6481|1063900
7557|555400
9731|125000
7147|556500
4893|206000
8693|690519
2787|1192250
1085|445000
3363|200000
7131|588200
3179|2375970
6005|9631880
5625|10993265
4939|1945213
6769|309450
692|782100
4841|396153
8689|195000
9335|1519678
4927|80000
4635|127500
2119|385000
1617|1772500
282|134931
2357|25189601
92|80000
3891|299999
6169|120000
5449|203533
300|4150
7415|300000
2291|1780970
6671|2300975
4271|390850
6219|9604621
8695|83588
6679|190000
3599|147486
5291|958415
2491|24390825
800|298200
1627|457600
6389|671000
8705|1811259
96|347500
5345|349400
739|2332379
9545|383936
7679|1583471
5565|80700
6387|827500
4941|2654776
408|146250
4943|260000
5385|1086813
4179|5302500
6055|118200
3485|1626612
6289|612000
5141|676571
8345|48750
8475|125500
430|1053318
182|971157
9821|70000
8953|50000
4803|167500
823|633750
7657|1311863
7347|30000
5029|1097319
2383|1680748
2483|2245063
1451|9373452
287|100000
2523|326859
980|113950
5955|365000
3863|561288
4585|2623066
5161|832556
378|150000
4561|5000
3879|2638750
8265|870000
1153|8101217
977|1599900
2139|1516729
8389|885450
315|15162723
8939|349000
5335|532783
7505|1990400
5487|1790500
6569|499206
4811|381560
4017|398200
7165|100000
86|97500
4143|1758570
8027|10369987
8887|571970
3513|2257370
6397|1756640
1407|1683547
463|335467
8433|408500
9285|327486
379|834000
2407|1199464
1069|100000
3131|653570
6915|1995298
5507|141500
7681|37121
73|482500
8895|123136
2695|982211
396|370000
2441|100000
445|691099
366|285000
2297|951871
3409|1276461
7927|2680146
1465|1070925
6009|5480443
882|250000
569|445470
5101|296100
316|134931
8815|3913542
3559|249750
8905|750000
306|384931
6063|275000
961|881000
255|198961816
6083|985110
4741|846934
129|1458000
3271|1734000
8211|1256000
1319|3368461
1485|581884
8711|140000
5801|25075837
3847|497500
1567|10729781
5617|534000
7243|100000
1881|447500
330|492500
8989|1235500
2433|1098046
1469|2258797
982|250000
1080|4211505
7111|419700
63|225195
9533|507511
1723|913250
9859|588000
9097|1045000
4383|441987
4477|883310
3609|50000
221|1450567
6579|3138622
8603|216881
9345|1061030
5889|10100893
2229|1429653
7135|6094108
631|3570700
5279|652000
8855|1856292
329|812500
7883|410000
3387|600000
965|2861276
7907|385944
216|237021
7687|149433
838|137500
878|196400
8605|215000
7967|370000
4155|297241
4613|338824
3209|1731460
82|414125
9093|850000
8829|240000
2989|428575
8065|55000
748|918599
8655|48750
4459|330000
1917|1216500
6543|782489
7059|329400
9941|340000
2831|3251850
2387|883000
9263|985500
4975|30000
3013|97500
3017|128000
6437|165000
757|5003921
2005|1619950
4423|267500
9945|312500
2043|535000
8179|25002749
7683|1200889
9039|1159775
1577|1392387
8427|140500
3747|594845
9979|190000
6003|454780
8877|4712052
6965|325700
5521|45000
5787|176250
4115|885722
4863|1141950
1261|1760171
1871|1066140
6045|120000
6287|50000
206|464487
8785|4824012
8129|125339
7321|195000
9893|1152122
1687|770000
6851|97500
5679|1416055
733|2355018
2921|745000
5677|5020076
3677|1628805
3357|1546142
7711|163675
7211|170000
2629|20999361
3295|799999
9071|1291161
2771|195000
138|503722
752|97000
1729|574632
7239|160000
4577|2585600
7389|663100
6955|97500
7497|152400
4461|54000
788|9527109
1767|1280000
2173|135878
3481|3117606
8021|725639
1201|587900
6011|723600
4231|400000
5579|403200
9123|2156900
520|536428
9279|977125
2751|196413
5531|20000
1561|1828110
7793|250000
2911|12307402
8633|148000
7475|703500
2443|2250860
105|2717419
8341|859710
2067|2082691
7817|868191
6699|3130520
1002|30000
1271|904220
7521|200600
8697|80000
4791|1503379
6361|2437386
2939|259775
1463|2396058
8393|142000
4167|514685
8611|427000
6919|195000
3595|688717
3157|2053298
8525|1525600
1281|2307142
5417|1286375
2045|677750
9515|360000
1921|304372
5067|609106
436|98200
4653|758966
2605|1056765
9925|3556738
1329|2214594
1705|160000
1043|346250
8789|554987
231|1833068
751|177430
4701|973664
4845|146250
2687|612693
8517|346250
9247|283800
213|747511
6685|213000
7563|4127340
2137|229080
1038|544200
9767|484931
7811|436033
9197|513270
665|2601998
6987|463750
997|45199
5577|137500
1985|2580370
8529|178526
5843|5182237
2967|200000
5781|654650
2973|100000
4259|454000
8559|895250
179|260000
8361|118970
1875|475375
4233|275065
5937|20700
6321|1079500
1861|705000
224|630595
6459|90000
2103|817500
8335|2038200
3535|472720
9283|675850
3583|185830
7631|217500
6621|483353
826|347500
4899|2293100
2647|2205931
7177|482378
140|222666
192|303750
6087|107835
5943|694200
1041|200000
2997|1396450
8691|937500
652|237566
4835|1507527
4343|100000
1073|1384135
9497|761450
3443|1101750
3735|201140
217|2780663
2409|28970
6147|333310
2507|1939927
5271|300000
5559|652450
4153|148750
4499|210000
8867|345700
7531|1065500
489|1424712
8407|537650
6811|100000
5197|243750
7777|11602336
1032|595000
2791|40061
5041|850147
80|294616
7517|914000
4531|774633
11|4629920
6073|186210
1389|1136637169
201|500000
1963|926770
5701|4404925
3645|653100
2995|146950
3243|1977868
7931|383750
1173|195000
5627|2973132
5659|3257467
669|2069533
7403|1133150
1057|2269300
9463|1687785
6629|241614
2783|2332376
2077|507798
722|688100
9845|2156564
5967|150000
6081|391470
993|3101733
7409|104733
2961|148200
7775|119000
6867|350000
970|302053
7099|36633494
3399|270000
1339|2050961
3531|628000
2875|1745011
2723|867164
437|1650436
3893|1625745
234|390000
492|561780
642|373618
4199|3155550
6183|676504
2241|2045452
8429|200000
9003|2150000
9349|50000
5381|590315
4765|50000
1181|190000
8201|387478
6527|346950
467|496950
2531|678442337
6433|226020
9977|125000
3345|535905
7301|50000
4997|98200
8723|322500
6411|5376823
1809|1643500
7193|50000
6041|152000
8139|431217
5179|667500
8685|5412454
5859|2485568
9421|370000
4275|97500
9567|246400
1425|1036960
3493|1272645
468|1122550
2621|973750
3019|320000
1661|448500
7851|91000
2797|688200
8509|286000
648|70000
1345|1653042
4519|606839
62|512768
9175|127390
6177|2174914
775|1158142
1072|245850
1115|955608
6649|1901416
4051|190000
7023|275200
9997|1795000
2481|647500
761|934507
1585|3206750
9337|100000
5723|1653073
5273|1037500
7047|8840166
6853|2815728
6187|220000
5771|791950
6747|125200
1675|1274997
2305|3102596
9657|297500
7115|7311222
7573|845850
641|385000
7215|122225
9259|844916
7473|574420
8671|470000
5825|915000
601|657649
6793|2045237
8117|9305285
1501|784200
13|2721684
1017|600000
4775|50000
1933|503720
6461|392600
9179|623823
1639|1636850
8463|120000
4527|245850
1993|5783350
4003|120000
8993|4614495
7439|535300
3367|1240000
1303|1765997
4385|2260387
6109|948099
4431|4776458
7083|510000
85|818870
7839|440000
9215|2390000
617|8374407
7555|197500
8837|1999301
3503|225500
6311|1147150
195|2537600
334|32970
4295|155000
3419|1409250
7801|293533
1313|2685222
3155|475287
1977|236500
6215|645970
2983|10100
5929|1537500
3717|1158850
901|533898
4547|341250
6951|97500
2777|592000
6227|201645
948|128970
4729|56000
8505|688667
2613|910795
953|488033
5853|24246592
5107|345000
4565|302500
3201|425000
4301|536850
4771|1108000
603|6677875
6817|548900
30|10500352
2979|97500
2213|1270400
487|1595268
6573|1471250
9427|292500
7783|195000
8755|241238
446|1303000
209|2862400
1158|195000
1026|270000
915|74000
2277|545924
7959|491000
9923|388700
4273|1046974
7935|1535300
4897|125000
8115|395740
2195|1194030
398|447500
7089|697500
8625|583835
9353|860742
4327|260000
1761|178068657
8679|645000
2843|3319050
2903|2538750
1779|12665953
2107|130000
699|928875
582|75000
6301|1045450
1751|688750
2379|2148750
6619|2642241
1285|438860
9641|354865
1107|228970
677|310029
6657|391030
1129|323970
7445|791630
810|50000
1931|1766477
247|1100939
8191|789500
69|940000
4365|4424520
4757|428416
1839|397060
548|250000
1417|1877153
2303|5486615
4147|1965776
9645|1209500
709|1686000
3819|1152662
6069|347853
4979|34315
1891|319375
7997|616667
491|1162500
52|1718280
1791|276500
749|515200
8649|540440
2805|496400
4807|137500
5425|1688500
1036|2064757
9143|1736250
6363|502800
7197|58500
3725|350000
3865|101800
9331|195000
5121|371875
549|943470
5313|722880
8865|698487
1475|5255490
6755|90000
9481|616415
934|254339
6659|342650
7623|536398
8881|2265296
7373|90000
8319|2975022
8401|344050
1619|3351692
560|1094800
3299|40000
9047|9243004
207|6260600
8445|112000
9661|573350
3191|4078380
9287|2722750
1807|992100
7633|2082835
4409|458950
3141|3695737
19|649474
1055|100000
1231|120000
97|1266800
1749|1410204
9147|1107000
9951|245000
9111|1618100
7187|564709
995|100000
1143|868825
2539|305000
956|665000
2619|1038447
3371|597500
5401|19841278
6295|3772532
8909|40000
1741|1371200
188|435000
653|1513264
9127|792000
6623|1140604
7109|822200
3099|565800
4983|177500
5789|48000
1533|3356607
6521|223125
9131|3742150
1793|1079849
5961|146250
7995|495838
2323|7416100
5893|6420675
8681|302676
3709|1408000
4107|430000
419|132400
7627|235000
5025|276400
2595|1055022
4429|100000
9239|585000
2949|1229750
3663|1522001
4349|429200
8537|515593
6423|1042650
462|567500
592|196400
1051|250000
102|343750
913|1198100
9355|1317715
3805|490000
5187|190000
24|1504029
299|950000
1833|1132500
7525|812664
876|100000
3603|195000
7965|550000
5913|1634333
2087|5738783
7495|900024
4219|400000
8215|232496
9827|242500
4037|115548
8453|425000
4217|1653980
3567|97500
9693|508750
3087|605590
770|8757880
2627|1556250
355|491000
5619|236409
5321|80000
132|322700
5473|634500
485|2511250
7411|548750
2313|587800
6925|449750
3929|1068489
6863|295850
1134|195000
566|271742
8969|718032
32|11168464
904|35000
3849|596125390
1066|14137199
6231|4363216
4621|415242
9699|817750
3705|2796793
6285|212503
3239|745859
3425|848916
2895|372850
3253|1137500
5737|146250
790|1050000
6205|702569
1787|703654
401|1267917
8123|463750
2835|1884360
8243|102650
3351|598325
9291|294500
2227|2709889
5287|523750
3129|146250
3161|1373750
2055|1128382
907|1601400
1011|6380
1725|381375
5255|600414
150|600000
7549|290718
3707|500000
3763|150000
8883|130000
762|2190318
5453|955949
9|6046020
2589|1050142
4113|324800
5145|377715
6465|398200
3095|197872
9573|595449
555|380000
3755|632475
643|1999442
5941|60000
8637|981225
3323|998750
780|1932500
2553|202571
2401|1453271
7307|42352
1078|672300
1887|1416901
781|1820860
3067|2383770
8955|929302
8817|983281
1615|934486
9469|710000
1375|878500
6745|197576
9867|136227
3607|340055
241|3432500
3783|840440
6703|163420
5839|15887600
7639|1013199
5837|29123805
1144|1263650
6995|195000
9465|173992
6523|500000
1601|960895
5745|143028
43|417500
4837|355526
5909|7998079
7933|225000
5063|1225450
2149|193649
5713|1030000
5965|885033
2513|9314327
7299|902921
5391|5692905
9897|5204754
6735|344450
1905|2193000
3375|379240
8791|6398502
108|885667
2743|5558550
4961|3035693
1623|765260
7647|80000
7311|25000
125|2731076
910|445000
9569|414520
2069|611375
7857|547569
5639|1233683
380|100000
574|578754
8541|8088530
1443|800547
785|707300
9685|2762388
7649|100000
2203|2962132
414|1030200
415|11028396
3213|1741360
3127|3448125
833|3961350
6513|26000
7413|567912
6153|820868
1165|988858
9655|300000
471|2435215
5741|150770
1449|1807547
5369|1708500
6365|100000
6497|438750
4529|818916
340|245850
6467|4027399
5057|822725
500|466200
236|59668
3545|467500
8729|1901832
6313|8180278
9173|879000
109|1884841
2343|3846871
606|429700
9303|100000
1683|626132
1219|142745059
9647|2880882
8493|885700
7833|484970
8183|9374612
365|387800
3491|157500
6663|330000
3073|714918
8675|694500
9299|751745
3919|1606746
9183|2443800
1050|1016645
1265|1021774
8561|8583589
1373|15756291
6711|463564
4135|148470
4981|646450
7921|271805
8921|1119000
3107|1055000
362|451000
6633|325850
168|960000
8891|86227
2847|3336359
313|2185033
8573|162057
83|300000
4397|244450
4329|485776
7441|200000
5765|513100
8485|70000
4029|1318295
356|332500
1120|50000
1479|2993707
1010|518238
1587|6154477
5667|657050
4225|437500
884|130000
395|982400
8419|1383000
5881|1511266
7265|220000
1075|420746
2591|1020571
9451|776297
987|1975010
5633|2959304
4341|527500
7435|1223562
7913|143533
4001|506500
6689|17933912
2455|95000
7653|362500
4125|761675
6145|100000
1087|1172861
8199|126140
8145|420000
3037|187994
3883|315268
2657|394200
3957|7849531
808|702100
593|2401910
2561|3227571
8195|442873
9985|1513565
1731|487500
3801|0
9727|34125
515|9145925
5527|1340000
2369|647800
705|666821
522|844450
2849|481707
5363|281500
322|292500
6977|230000
4033|325531
6531|568924
9507|232250
4749|1445000
7815|882599
143|936200
2147|1235882
7067|335000
8497|205000
478|290000
8543|130000
48|66300
8643|196655
9117|2872230
4119|224250
1611|376750
534|185882
8099|84860
8687|135000
2039|1711865
8287|996360
5687|1982261
3759|1356124
2689|295850
1489|4342579
8645|30000
3473|100000
8911|348200
5037|372566
4373|293750
6033|499500
7635|343750
9895|1998250
811|627500
2235|962100
6051|168200
4973|1439624
424|470000
7405|288533
6393|120000
9501|90000
9519|1980600
9779|1507800
7459|755313
9761|234000
1056|66666
7701|1263577
403|842068
9723|195000
7381|332612
1643|1712903
655|5214500
570|124250
4483|745000
4319|200000
6607|1585740
5459|40000
8321|335300
2781|588610
120|570050
183|196400
3185|589999
1347|1522055
5193|225000
9485|266645
7871|610000
8669|138599
1365|250000
2575|1374439
8455|243750
3125|691035
7585|150000
1083|100000
22|1029147
5923|5651227
51|80000
8293|335000
9813|1442500
2049|511505
167|720300
5715|3292650
2161|355882
7213|411250
3171|2725920
4065|40000
6891|438420
1021|1417160
220|50000
639|578433
535|11922072
3277|844750
8245|705450
8667|1240000
9677|4994791
267|243939
951|1524341
126|113529
7423|493533
7503|749937
6377|8799154
625|1882732
1829|1879632
9593|372249
381|1422019
966|475204
3625|132445
1555|1648089
4831|1180200
6921|1574000
7759|378486
275|3437330
6137|1222297
1447|3937960
9651|123950
6263|536000
4123|390868047
4969|350700
5669|2547370
9207|1071250
7065|293750
1104|100000
613|22312720
9119|138645
6303|80000
8941|3220456
2501|2523860
1150|130000
871|1149520
4081|177000
4671|2585000
989|1305860
3173|2086500
2917|70000
1605|225100
36|19312655
635|2835377
3039|973100
742|80357
763|2399311
2145|675327
4451|50000
344|492500
3961|696300
7181|546950
4071|246400
8055|5573749
8049|627500
409|948655
5743|938640
1575|807500
3629|2197768
128|654867
1435|1730890
2233|1210170
736|132566
4511|306250
137|125000
4815|1964900
5795|812820
6255|372500
9715|307647
938|1217673
2563|882901
6163|6721244
2427|3115211
713|1790914
3057|248200
707|765324
1599|1700063
479|1042768
367|669200
309|5098555
7597|563625
268|362500
193|390700
7209|1587750
9339|258200
7893|217500
2453|1315571
5897|23623124
1341|4107803
4175|282750
8621|413750
8051|371290
8483|603400
1847|774250
3813|1382885
9177|697500
4665|1728550
4049|143000
4783|1997632
7061|256750
3983|1318825
6259|508739
1233|938270
5169|966591
3283|3631950
4013|438750
4563|427091
1503|2056250
8089|923960
5293|1323538
270|987500
851|3968294
2187|1333044
6351|414845
8489|1375288
151|5990831
3175|1900
4487|100000
8087|1774925
1403|5393653
6971|195700
1837|1474193
6843|3010970
7779|294242
4877|3190996
3973|5075630
9857|664716
4485|628566
7993|335000
1353|2454125
7079|26067193
5349|236200
3873|1061720
1857|810184
9617|300000
8623|1034132
9537|1472816
4091|640000
5447|930300
5085|500000
6443|210000
580|536670
3197|734194
7385|143750
9083|432166
8197|1719746
5317|180119
5857|9969679
7477|895025
7125|98200
8011|1900612
6775|217500
4913|264526
5217|367000
3521|954499
9961|100000
3461|243750
370|447500
3427|100000
5153|396250
6489|627500
7659|3310999
2919|1151895
9967|247213
4165|640150
7371|97500
5157|312566
5759|235700
6701|150000
7227|392750
8581|230000
1064|260880
754|629761
3309|90000
4291|333200
389|529238
252|148750
7095|1423750
769|1256835
512|325225
950|253500
2013|363750
4481|4138950
3641|1503000
6783|160000
7315|75000
5563|73125
5053|240000
9369|352373
930|392100
5221|782600
2271|147768
9483|204616
3991|625440
6229|1314547
7499|234359
6337|856000
9599|1516666
6207|587110
1769|433671
3343|568970
8983|842000
4331|451645
7201|4502945
612|706892
9195|450000
5173|202000
3875|50000
589|1551250
8339|1184664
6541|541400
4551|253500
8013|269093
1065|248200
568|552294
4911|1644683
5155|13424055
6085|807128
7547|421677
3909|6818601
2321|500000
3885|981470
7541|1655203
7491|538750
1301|790547
550|1604300
8329|213686
928|487000
5499|224670
2011|1347200
9863|3959000
975|1012634
422|180000
2719|883460
3153|191785
2449|5215600
1759|41162255
506|878682
3105|140189547
6789|7740854
5201|85000
7003|243750
2891|2644089
7207|481000
2635|790660
3927|250000
66|395300
6509|4826049
4159|500000
9237|917875
294|1054859
3951|865300
3601|410052
81|480000
4659|3218360
1259|3150135
3681|106306
8249|306228
3479|381000
4413|30000
8147|290000
8307|1672000
7509|580000
1557|132737
8203|425000
1951|695478
7093|661400
6773|146000
326|359529
3071|1198125
6889|405824
962|678200
428|37200
2977|343350
3683|326233
6405|353604
1042|740000
926|45000
6553|408640
5597|35000
5247|572708
8571|100000
4055|240000
5429|480066
5841|1250000
8733|237500
6877|500000
9193|1994300
9309|884047
78|236035
26|10606751
7451|365000
9129|932000
2965|2184450
9407|520629
9413|1274523
776|1718100
923|1631640
1203|259696
5001|220000
6709|297500
5511|417540
7013|2152100
621|50000
619|3399668
3275|105622
8155|406664
6101|1028640
8391|127839
6335|591000
1935|995678
3365|237419
2583|1406608
3765|1178900
2337|7233733
5469|380000
9513|18430
6125|90000
1118|569150
6281|4558383
361|500000
7169|430000
3697|597514
9425|1675086
4085|3891381
1553|1470000
335|50000
6923|120000
4361|371757
6323|1160000
7741|200000
8709|314716
2355|3212551
1715|564436
8477|80000
1209|865660
4603|250000
947|1679667
8795|743950
972|339800
3727|510000
2031|1783974
8743|586300
764|602125
3841|520000
266|695000
6349|185250
2609|800000
817|894713
431|1366740
7975|116645
3721|600000
5115|435000
959|1312380
6767|240750
8897|804584
8613|523970
7605|106981
4953|111645
4761|389500
5533|475850
9525|150000
1034|1302800
3415|2014911
7527|792999
1855|1641250
189|609616
7217|147500
3433|1093050
8381|681134
6547|2655850
6141|223970
6839|158355
9517|723936
3445|2110335
5441|438695
2639|847022
5389|64316
8267|2480000
6961|910000
4679|1073062
6327|230000
3011|355600
1147|797500
4333|237500
4181|455000
2327|585625
604|487500
5181|130500
5239|122783
6887|1051700
866|367500
2933|1706665
2837|3730700
1257|256500
7853|449692
5689|949370
768|843750
2827|2585717
286|773350
1423|2132349
240|2197500
2211|1506126
274|150000
1419|1597439
971|8154350
8825|644706
8457|296500
488|811470
4197|827550
3897|548041
3829|1009095
6079|420000
9629|70000
9541|350000
5009|35000
465|3032688
4129|579566
536|310000
8009|237500
3053|492500
461|2025750
1321|2557040
2789|1236250
5083|410000
2057|1282152
1409|3345555
9015|2606400
4947|1238800
1193|28970
9223|150000
283|1387700
7709|814923
8439|140000
9135|773620
5543|433800
9873|1816810
50|547850
5|10808975
4605|160000
3733|82813
3193|901551
6625|3052324
2265|569600
1387|1080000
4567|242600
5863|25727292
7539|50000
5485|292500
7689|500000
1827|100000
149|1996526
4305|714800
8879|1114370
8963|3542724
6639|3316700
4861|1222170
944|448970
6121|319375
106|36000
8|2775700
3867|490000
181|613375
1108|390000
4827|828912
1351|9712697
1139|2626053
9911|430000
5191|2073495
9725|1228416
6667|147500
4137|513950
6943|542700
9949|222777
805|735417
9021|4391564
5399|563279
258|687882
988|150960
7843|496159
2155|141375
2325|322839
278|456401
1995|394289
7397|572500
352|443750
5805|13205091
9673|1146700
4347|232566
1277|2714608
8903|767500
5675|1081644
9109|350000
7739|923000
8417|151470
1189|110828
4801|188291
187|100000
9991|175000
6897|2033750
2465|3426350
8929|1380400
3507|499800
5427|1530087
3145|5254079
7745|1532898
6577|205000
2755|350000
4709|409683
5945|293000
3397|1489400
4399|400566
8375|130000
708|257489
1973|272382
34|5936845
9839|1080189
4257|928966
84|2773750
3639|769700
7515|1059242
4251|520000
3965|6379819
7113|1630250
4717|443750
8379|612335
3457|1387600
5077|594720
8819|20000
397|1712148
1953|422918
6197|425150
8305|286992
297|845625
9581|732497
4227|1957500
9473|970700
4513|363842
2167|970000
6771|1273350
4929|38842
6559|464950
518|455000
473|1757074
2331|1318970
3657|4592
605|166749937
171|2087650
964|499000
1541|2633555
509|3926993
3251|3336955
4311|180000
2757|1763992
9887|5698400
976|61000
8821|79695
9965|343750
7253|629000
46|362768
5353|39818
1909|1980525
342|113731
6759|433875
8803|464443
9389|734623
5015|1212566
8701|1319174
215|1287576
1142|117248
8947|1193891
2685|447500
3407|3726645
4715|280000
7795|525281
7055|248000
5785|3869490
9357|250000
9137|404300
5963|21176
337|1577724
6819|167680
2263|388750
8873|1303170
5377|244526
9009|1043384
591|1626370
6567|1680628
7923|296904
9625|7924776
7157|4480657
243|598875
8333|196950
8773|8195792
4205|176250
1497|572720
1137|292931
7767|432500
957|440000
4043|423500
9293|4511331
1333|3557547
841|1205666
3339|363750
1649|1142065
2851|2363996
2287|204938
8937|899500
8627|905733
6451|1430920
1063|730933
3699|620499
1495|2946565
9243|1528156
1405|1157000
8259|632500
2105|485000
873|358404
6545|3212623
6617|196510
5697|17086491
946|301140
6737|1829713
8189|490000
8545|300000
2869|1736250
3189|2303590
3519|592000
825|1340833
194|481066
6507|1935070
9377|6639232
1199|1296349
148|1589767
6435|2544075
9443|878785
3025|242450
2717|3141061
4395|931250
95|1433750
2943|978643
7195|245000
7999|235000
7075|91798158
4501|118835
3853|630191
701|1696095
4109|312566
6427|9047283
4977|505776
8001|7425358
1677|317500
782|5393800
9905|1748750
4287|212000
2249|509984
7867|70000
801|478970
3993|688352
8171|1333645
9753|234000
111|787500
4239|125000
7085|218200
3217|2133000
5309|132566
513|563250
4351|692026
9049|1400000
71|100000
1018|267159
8823|1753575
7945|1256000
2437|1069150
8515|787353
1172|312000
37|993350
1429|11944683
2477|2370600
8775|103016
791|321875
6291|36080438
402|185250
279|1623939
7901|1353655
3653|1019989
8031|100000
5253|612431
9971|443996
4745|1770850
20|229874
9741|400000
2385|314000
9551|692006
8387|372720
9871|762823
8151|307500
5681|2411186
1033|477750
842|1599151
1583|2150000
9705|1885012
211|1846950
1843|1192800
2319|1612800
8337|383398
4855|710375
2641|2848100
3455|902726
952|210000
6533|100000
2071|1332550
4677|158200
6673|355000
5779|24370648
9875|1427317
7379|1092580
14|652969
7057|14165881
850|150000
317|294000
9065|3652460
857|600000
4631|497000
9445|3445000
3837|852531
1893|644000
4713|671638
8595|499998
3423|1127652
499|1917797
5957|120000
4549|366500
7753|368200
9249|2925000
9679|1432116
9637|518200
5017|230066
5987|173050
4987|380795
6249|2761694
7837|610000
7105|84000
245|2616722
5081|270000
4917|970150
6779|1646325
1025|195000
523|3102078
1937|386325
9853|2764697
8793|340700
7677|188889
3177|1114700
623|348000
8797|376055
7485|293533
872|980034
439|450000
8583|350579
6179|1446931
5237|245000
5491|206250
7483|961603
618|200000
1589|1923997
8781|1756209
5591|363024
8121|1068970
8839|306211
676|271450
8771|12452543
1621|704742
9649|972200
2299|412571
1105|78000
9957|283920
5529|20000
1907|2151007
107|7107622
666|1269273
3527|300145
973|220000
4131|452100
3945|992000
2099|720101
2285|233211
672|245000
1099|100000
1059|60000
87|289450
7973|564000
6939|716345
6499|365000
89|792000
4619|97500
9209|136500
4089|3002637
413|530000
1431|2993345
3167|943020
8813|330000
5307|28000
6829|347500
3009|722038
5539|97500
3331|493099
9611|1129578
3791|797995
8173|100000
4405|300661
731|3670523
6371|17400315
747|1357472
5951|112000
9053|1147500
223|6708000
6937|1742950
4907|250000
5985|100000
9749|1257473
3501|680645
9253|225000
4743|1180000
629|3134508
9503|1550550
8935|7458758
456|457450
8331|937296
4005|312000
9667|996250
5691|591872
76|50000
1919|3166881
7849|388250
759|438750
5623|6787296
1711|802655
1471|2419591
9583|257500
2569|1046271
6037|98200
554|1437571
47|3722610
804|348274
697|1540034
1004|60000
1095|880000
388|243450
4359|895850
4111|250000
3307|128000
5367|700000
2459|2514435
1695|311875
238|220000
8631|237500
5249|4729421
1355|1971913
4303|264526
793|1508999
1671|1301723
942|489140
2359|1371723
3199|1349100
4269|6723294
7395|15000
1415|1402547
3923|487500
2901|657135
4261|75000
6539|48750
1539|3053749
2095|5342850
827|175000
6309|834860
867|1912879
5119|577012
406|696400
1074|195000
8053|659310
2603|518115
4503|609500
9121|1317085
9045|2326500
7569|1725000
1343|3121120
8527|395300
2597|1726489
4751|2763550
1841|640500
5241|685216
8079|344231
9411|240000
5065|507520
8007|120000
3655|1506657
5315|195700
8343|30000
8869|2758330
1152|683953
8759|75000
7919|1105850
849|4411616
9229|97500
2505|585071
835|845417
4209|1045000
6241|4913299
8355|228200
5817|1063080
4769|567500
2705|9976247
992|40000
259|1750000
17|2712090
5995|70000
9205|9905272
2529|1125981
9477|1116770
6475|8338120
7757|242848
9225|1870886
608|556637
2615|4877361
9781|204416
253|4651633
7511|427937
459|270000
214|60000
5699|16588518
9757|2316200
7237|1502320
7101|1188810
3139|590000
5663|3471110
2151|4922500
9099|984000
2097|1367500
9555|12911064
2793|4447915
3533|585709
5489|441389
1815|445700
8347|319343
6973|253500
1239|3126750
968|540850
1044|921145
5769|223460
9079|2052125
9221|17887246
2763|3464260
2593|509321
3431|782633
6375|243640
64|1570500
6979|1288995
8899|1690093
6637|330000
4097|40000
2125|3898175
7127|175000
3703|1648411
2345|683007
4889|277960
2617|570800
3261|264360
834|262500
6855|591685
734|164526
1783|330000
5915|23660572
6809|117000
3441|272420
3301|328000
7667|10995762
7749|1369864
2467|610570
999|90000
6331|1215900
405|700000
2081|1135867
9915|995850
8295|507088
2033|1423500
6409|369980
4293|219080
1733|4851200
1005|576000
9809|497500
4985|3106543
1335|490000
2435|250000
9419|1078754
3483|2683461
9983|255000
4367|1910450
539|384000
7391|16000
5327|75000
5775|259911
6841|197500
5299|766625
3673|819080
482|506382
416|403200
8395|200000
3329|100000
9549|933750
6785|305000
2817|645977
3115|4247500
6587|1608160
8799|1377912
2653|450000
7625|100000
2295|1500121
912|269140
732|230000
2289|1766970
3279|2862359
4195|808100
8275|345000
2565|928640
891|850888
7629|1000384
6875|2238811
1163|680070
8499|85000
8765|236590
2661|1216200
4569|642250
9565|1264082
156|649750
3273|437500
3771|1366645
312|121875
3489|66645
3731|1632768
5705|126725867
1132|79176
5135|442500
4935|187401
5613|60000
2883|10789607
979|939439
4559|976877
2729|76368
7583|2112560
191|933000
9801|1247390
7671|518000
1164|45000
6403|3903955
2283|175000
1317|3548795
4691|270000
104|686250
1969|576170
8751|1111176
7255|1036623
3857|631645
1613|5751672
4523|160000
8241|790700
3959|2283375
3749|2429920
2925|2580900
920|195000
2143|1837600
4521|3153050
7957|300000
7797|750600
2585|839430
7861|214500
7471|1065241
9835|1892418
292|0
9559|2560516
5129|330628
1785|217600
162|409721
6941|185928
2231|922671
4289|902500
7781|300000
6911|344900
7915|1824100
8907|296750
9457|893099
7035|516219
1037|90000
2623|2464006
3689|3020000
9415|573523
3831|128000
1399|594808
9973|197500
6339|220000
351|320000
8217|442500
3995|456645
7333|349840
4869|699223
8997|247500
5875|11989081
6117|487500
7429|1278500
3207|3062522
7869|674298
8103|493750
5357|467600
2889|427957
4255|656000
6655|200000
4335|298762
4189|762950
9603|981152
9785|475500
172|1100966
210|430468
1123|721600
1991|323800
5143|126000
7949|845576
1179|628750
4689|178200
4463|350000
142|493100
153|1129916
4611|100000
1989|685882
9889|1550000
5329|687050
2361|1310000
5873|3669644
9055|1728700
8715|130000
8547|611856
3007|1817553
9351|811716
9989|981136
4417|5114700
1024|150000
8717|777750
7331|60468
4903|745230
3|98855580
8591|3387075
4525|199680
9057|827500
1293|237500
3767|1604810
9589|1789347
5925|17549912
8219|565384
9041|5692627
716|250000
1225|390000
909|699612
1221|377500
2237|1285000
1148|312500
501|2401768
7897|138860
831|2844842
3035|178000
3675|665860
8253|100000
7881|150000
802|615500
5649|470958
2163|1079200
4027|80000
199|375889
667|2526837
1853|189318
418|257500
8673|343750
765|2718921
6211|390000
9271|150000
974|290000
9509|4915140
9543|2429997
7925|697775
8119|882650
994|275000
8991|696944
8913|122500
712|477566
1911|1877469
6017|242500
3413|2915568
9627|1460000
865|1305567
5549|406408
2485|273071
9087|1400000
8699|193080
727|2112694
9295|350260
9085|4097600
1019|195000
4321|731265
5867|6176100
3349|500000
2677|485000
2293|700834
614|629566
1217|150000
2135|675000
7877|300533
6511|15257275
2109|602380
8727|1081950
1100|710600
6297|697700
8549|1114607
538|129951
9609|662438
4673|1384250
178|870672
6447|240000
9765|60000
839|1035350
4723|1100823
6611|521927
8317|192781
8301|665000
5783|243750
3267|403000
6247|323490
5419|4809826
3235|305000
1845|275500
2645|1786907
9185|2271567
3907|300138
5819|5822096
6503|100000
2219|1159372
3373|933750
9031|535905
246|150000
6865|928750
3895|1453213
6707|1580027
4601|1060002
4793|568276
5569|409475
6931|1428950
1957|742500
9467|523547
6383|100000
7731|443746
2417|568816
4951|587900
7823|783890
6929|1094600
2083|1581614
9689|458970
480|2030686
4379|293900
2691|1364020
750|196950
8589|14473705
4073|1542565
6801|813775
5071|737500
8747|590200
8531|8087784
7763|115000
2899|1344300
6883|904498
325|195000
1757|599200
5981|375918
6265|400222
2631|592500
2503|6038060
528|603602
2495|1066222
640|1840223
2715|190457
8841|3581114
1797|8505243
5621|1699944
5359|178180
6007|3556422
8567|362193
1007|1719600
9063|4742364
9747|441030
7149|8717547
9281|67900
7663|674118
9387|10206
2779|291707
8137|5844667
2051|125283128
9035|2560000
7009|100000
3711|550000
9733|293617525
5791|94142
1961|2173100
495|2065868
2581|1048741
8299|185000
7071|7618790
9459|2021300
925|604000
4031|2131500
7021|392800
3477|633505
8075|300000
8113|190000
958|100000
438|276750
2551|4611789
5045|264436
720|660110
9825|2932711
68|1191900
9167|25088358
483|9284440
6857|1372100
7603|326658
4007|585000
1719|1255531
596|143396
385|860000
3101|799500
2521|6796500
4469|359035
3133|1700000
1096|243750
5603|4752516
5245|296250
2497|2606976
7765|354450
771|906050
5835|2688065
4191|123200
779|150000
741|111190
4213|292500
859|1396000
6901|266533
5799|77900
7985|275000
185|204616
7951|750818
1835|334060
5047|335460
423|768291
7611|100000
9189|5640500
3539|895000
435|6129264
3289|545000
4401|376288
6111|145000
4019|295300
5409|100000
6873|890300
3305|823422
9607|625000
2549|1953958
3117|111069
984|275500
7097|6600306
8411|639850
8847|2081218
5403|14036291
219|286403
7191|348200
9151|5458618
3465|2486445
359|140000
5997|87000
3291|662895
425|1897000
7707|127850
9613|2243705
9235|280000
5351|392566
4581|2703697
7641|18000
3231|680864
8889|100000
453|2696181
684|752037
9113|3022500
1117|92066
689|567250
545|699768
2341|2396461
1049|241250
2697|213642
328|384931
5105|493350
8769|158616
6813|168750
5927|291305
7669|400000
1777|1077850
2115|778522
3743|981500
7053|70000
3661|7923171
9037|1597497
5953|287500
1945|195000
8919|977000
4277|70000
5647|1239666
9181|1400883
9831|1243684
4207|85000
5223|100000
2955|444574
7145|7570746
9139|908757
1571|893047
8109|502748
5729|538750
4909|70000
1549|3251110
922|70000
630|720850
6799|354450
4077|0
3137|1869450
7017|2322740
9885|490800
1101|735500
8045|5757450
2457|29190735
7481|1199480
8071|889460
7303|780851
969|7793884
2863|1465429
3005|1132234
3181|197500
6517|60000
1|4757362
2165|2669632
3889|6923906
239|1374814
1103|363901
1052|9310204
6905|687810
607|3178125
1361|372547
9937|4224000
288|378681
5021|258420
5803|3954570
256|895000
7607|2137035
1411|3279646
9429|13288933
4687|1168702
3939|1224000
3159|5634070
1015|400000
3839|490606
5463|380000
6593|2896678
3449|1133749
6047|72000
196|2162929
8315|232839
2177|1312500
7885|7151938
9103|1885600
1507|9566801
9755|1545173
1987|1240700
3947|521600
8269|414067
118|542988
225|5133594
433|1932468
7971|1056872
6221|206200
3437|2888250
637|541400
9719|1083500
2023|1495000
7087|98200
7223|945750
301|95731318
134|3378666
289|18111501
4021|1950717
254|97500
5703|30420427
6379|390500
3881|1968400
9475|315030
2517|4531083
135|270000
680|140000
2403|1068750
5939|244214
9691|361366
945|926480
5079|347566
7247|80000
9157|1686691
165|202616
787|1406643
1223|418332
9105|120000
786|385545
9265|528440
6731|250000
6317|1061500
9493|160000
599|1419479
723|459080
9029|1736139
2053|28970
2089|825718
7325|441400
5149|161695
475|309300
691|946500
1873|607940
6053|35000
3135|556051
1799|836615
4725|2025400
8601|566696
141|450000
7537|335383
2839|446250
2935|671111
7469|179024
7803|491417
303|8495591
7807|263000
9149|1672743
7123|175200
321|645850
4389|270000
8957|295000
2061|487500
5355|80000
638|370750
4163|257004
2215|300000
3065|2361750
9423|1442400
70|10642778
7593|432500
9663|2215166
4493|111714
8943|596400
5231|217757
6997|297500
9557|263250
3943|2300000
4905|1291465
7007|500000
1591|2849517
5281|137500
5289|508566
7493|2114444
1067|350002
3901|876400
4695|172566
5733|487511
3395|514145
2209|2050000
5209|329371
7049|189775
998|580000
3787|815767
1637|1408950
1091|544550
1701|565000
7819|60000
429|882613
4583|97500
8597|360467
6039|392300
690|1712080
9711|591331
1647|870978
8029|578000
4387|1539032
5755|180000
3003|1561482
1241|1844000
609|1595000
8473|167533
2823|175314
6933|536250
5545|327500
176|750000
649|1895223
8779|273529
1635|2202060
8495|50000
5901|75111358
4443|868652
1771|517700
3281|238932
9261|691850
3579|1007500
1609|725926
486|150000
756|80000
5295|675852
324|95000
2557|832500
571|1094297
2247|110502
1008|479710
476|1919045
8523|90000
8033|433060
4127|1512723
6329|222316
7565|1506067
2063|1300750
9115|356250
9665|460000
9125|6654203
7133|378950
516|1046428
8371|478548
7393|60000
7189|1016970
6599|463750
7595|22443
5827|970000
8175|2065700
7151|5353366
264|696750
6687|521868
7245|7099876
9605|360000
1535|1385414
5891|1070000
7453|97500
8965|76000
1146|901000
6551|13281276
417|4300433
8901|1897103
885|2135670
9819|100000
3075|150000
4419|106573
77|5213950
4593|862000
1477|654998
624|316500
3225|923750
8399|342750
5331|109500
6647|1537800
9891|973529
9561|1760547
3587|1791590
688|100000
7121|5271310
2189|1433500
2395|3606502
1929|595527
2275|270000
784|1775250
9919|256830
6713|2676000
2923|2750085
5269|866491
7743|499250
6823|100000
65|487500
18|750580
6129|140000
1156|337500
4915|492726
6583|197500
8805|476400
2269|336250
1092|280000
557|2589300
3203|688248
6627|544450
2655|392500
9075|2588688
828|10100
1885|933080
5089|1117459
4|3420349
2141|815000
4363|343750
1433|576718
9935|200000
56|899939
9563|1366500
8205|890722
4425|310000
3327|616900
8223|100000
7723|220000
4307|789716
119|1738037
9213|2224500
6797|488200
6449|438600
2637|1188928
3741|544000
9379|841419
4171|2026000
4853|1065000
1765|698211
5103|500000
5885|5700701
7431|923319
8629|3211370
1377|701250
5949|107393
2893|2416941
1427|4810505
5495|304000
919|316250
4435|492170
3713|1241406
6293|2624181
8263|141365
3403|2569182
9721|90671
6143|248150
8647|2097500
2353|578970
1030|30000
6217|534912
5175|540450
2987|96959
5383|80000
8809|300000
8309|269985
766|484812
2133|1184262
3463|450000
505|2397499
8415|275500
8081|3083280
8467|491808
3859|294719
4795|120000
5195|607978
3821|1576725
5541|120000
9643|707125
7697|16000
812|97500
3509|984800
8639|1478784
714|1068750
4557|261855
4309|326254
2867|2800255
575|340000
54|5681780
3303|1608650
888|359798
2413|2049394
2073|240000
4187|836400
3823|739095
9713|300000
6519|427653
490|344750
3237|543250
8209|345850
1883|347500
8449|50000
927|146250
2223|3064889
1253|726960
460|1742250
4895|5615092
5137|373900
5757|1386815
3255|578000
1187|31898
818|250000
354|1167931
719|459535
8565|964449
3259|652000
1130|295700
5653|2112229
735|164000
2579|3133450
2251|1000000
6963|728043
863|2097365
4669|3876756
8157|393102
647|2440440
2807|789904
8721|3025681
3333|695000
2815|342500
265|1311645
7981|278533
7031|480000
1307|1710747
1689|1587000
23|1746670
101|300000
5535|150000
9829|576800
4879|1460445
3777|241860
4141|837600
6431|406950
464|693900
753|1161400
9653|1219927
1213|5121
2373|1994008
6061|377198
7205|89775
6305|810315
2611|5587720
7467|494907
27|3227570
5645|1595900
4099|1123900
4537|123765
9739|1445300
8349|63100
1565|2163486
5131|243000
4169|373325
803|10163847
6277|120000
4173|130500
9717|1627443
546|1379800
3591|1087799
3147|893749
9805|1423021
3459|2469700
2311|1164910
5707|942000
5283|760872
5261|143000
9333|200000
7129|2013100
4555|139360
2855|1016957
7529|586400
9743|737500
1727|409500
1245|1710390
581|479000
1753|1226050
597|322768
829|1769667
4297|296400
917|383667
1537|3744994
8043|663900
7955|913585
74|466400
8193|245150
9313|444087
2451|118860
28|10217203
5435|265500
2671|204334
6201|355200
6165|4855040
9591|3809154
918|165610
5343|3573706
9245|730875
9201|1221648
744|631708
1697|1431496
67|561950
3547|511800
5387|6565926
1289|128970
3861|2683550
3325|518800
4965|272566
794|270000
7231|699790
1467|5844226
2907|689296
4281|100000
1519|7118065
202|2031262
8925|908350
627|668792
383|1317950
954|2318648
1867|1162755
8131|1002192
4103|490850
8959|318200
4851|107250
8933|3062743
893|893226
3549|1564120
2511|3218802
6023|48750
3977|350500
1000|20000
8503|345400
1877|450000
2833|146250
9579|97500
4095|138842
5519|378400
8255|100000
4923|1003269
6661|489600
2519|2639075
6729|3661968
8469|185000
6195|370000
1114|1378285
1487|6434556
7825|1339450
8707|445330
2747|3264464
1311|976400
7225|3154801
8039|4590520
9373|146961005
1016|300000
55|443750
9791|1148602
1529|6114050
1076|520000
1371|2291722
6565|454910
4629|783350
4539|100000
9385|1977500
7835|265500
7691|24465235
4667|425000
8651|2584549
9133|130000
3453|440404
3511|654609
1679|40000
3651|800000
2|300000
986|100000
5027|905603
4623|682000
7953|1971500
7463|82746
3187|2858600
8365|750256
6369|180000
8359|395300
5829|536250
4489|680150
4683|3538916
3497|629600
7543|185000
7903|10000
2545|280071
2153|757945
7427|4743817
4955|56000
3561|499999
364|769500
6563|15415199
6705|384811
8465|861250
8067|362788
9959|539123
3245|171000
6677|976518
5257|98000
3165|306250
8163|765336
1397|204750
3195|5441463
449|702000
9729|275000
5573|245850
9159|5273100
469|887250
44|1254905
3347|655579
797|1350387
1393|941248
7361|670400
5907|3325693
5731|50000
8703|463250
8979|738255
3955|336250
1581|1785567
3471|1161000
349|594616
840|492500
4675|662970
3789|3510463
8303|254420
3247|2286869
336|221875
9759|320917
117|216660
6935|569999
9343|295000
1255|1767864
4995|700000
298|200000
5641|4154815
177|967800
1545|1242046
6457|140027
8441|820000
983|2072950
8827|290000
573|1882900
7037|1776153
5267|382500
16|10000
8367|5432165
991|582060
5589|250500
6131|19215346
7845|365675
8111|3584587
3611|250000
8521|1068100
1159|2237935
7755|506033
1097|247900
8077|646716
7369|100000
7875|1353760
7249|210000
6739|212500
9995|2250000
180|590600
2841|6441157
9639|300000
5537|1265300
2123|135800
263|3120946
854|382740
2547|897500
4229|195000
1735|317500
332|938900
7941|264487
2129|1235902
8951|1330458
960|70000
1391|256478
6419|242375
1215|1295250
5379|1535000
8167|2039873
2727|3443500
7725|465150
8023|274000
9499|200000
1323|2827300
4753|1025250
2365|966621
281|7128001
3149|1395500
5167|99000
6157|588500
4887|467452
2821|2964382
1527|5414080
4881|623500
6651|100000
9435|572500
40|3202700
9669|279941
3925|348000
5767|272209
1395|3905181
4377|718480
4993|100000
3297|845300
8325|1228464
1813|587800
8777|553164
4931|180000
4625|10263390
1579|1352960
721|1280667
39|996736
1821|465300
3079|1281250
4407|375000
9771|975683
3963|370000
5421|65000
3517|80000
226|874479
8423|473200
7917|898367
1509|1661900
5847|2371250
1267|4213744
3353|1260000
5251|87750
3111|1791750
1653|459000
9837|343939
9981|1590000
7713|50000
931|500000
728|652268
6119|344645
9059|1732817
7645|523795
1054|375173
4369|440150
6669|535000
1645|1460132
1803|473456
3537|800000
3807|3464906
8635|1303970
2079|1591700
5305|462000
4353|247500
2035|400962
393|768678
2761|475392
3899|253000
3083|685000
7233|1024658
5547|511095
9931|308419
2425|600000
510|447911
671|2440000
2669|40255
2559|1501600
5523|483750
7375|70000
9013|1799162
8069|1523440
2649|1905050
1079|220000
304|97500
7859|2152500
5595|306140
7355|60000
5813|2364786
3613|240000
4777|225000
6025|100500
1939|1700750
133|184359
4211|944980
9511|450000
3249|1541400
1457|1591960
7167|490000
8569|2383324
586|132566
9061|150000
622|1027100
7137|813750
4627|471250
519|2072448
1014|30000
3169|3620608
711|1082135
7335|170000
2217|973097
7357|385131
2769|160000
5719|1214691
2887|3993288
4445|1394090
5899|1819400
1707|440132
7813|345000
7587|332000
390|20000
1655|535000
2431|1831259
4421|292500
8851|385000
3621|1166782
2489|937500
1709|126750
2475|1041200
1180|860750
9883|1199485
2201|2824082
533|1950500
2021|3188741
5751|115000
1035|401652
8083|2701016
8213|271140
7309|110000
5883|20387618
8719|282500
9383|778645
3337|120000
5437|205192
880|24000
3027|1435375
5055|1347320
6981|300000
5039|850000
1195|28970
3799|437214
894|186140
5439|479429
5631|7596404
4657|136714
5555|360140
4415|440750
7421|1061750
1283|3117500
2019|598000
494|307547
2159|6878929
760|3872156
6059|185000
-1|2820
3223|1419000
4719|706700
5587|132500
1717|347500
6953|1778059
6367|50000
8975|253500
8579|224489
6425|2855000
8225|175000
2853|2647087
4735|347700
2499|5486438
1825|917000
333|1479500
5903|7021050
261|3813640
4865|14949320
4703|1911143
8811|906250
5865|26950104
8037|328317
7599|414646
3913|5732859
8519|1677278
3851|430000
738|200000
2913|8477850
1020|653900
496|2114715
2515|1129320
31|386503
4371|15536382
990|170000
7507|80000
399|545000
6993|110000
7769|7781033
2673|1138000
3219|3094381
5151|390000
9681|1605173
2527|1206739
5477|95000
7465|537750
455|347500
4779|779633
1629|110000
659|4149835
772|2000000
5821|653333
227|2333679
98|70000
9033|406645
6341|683750
9471|306250
3593|3131795
9807|143852
3637|885300
152|60000
1511|1529800
7349|457000
9969|665808
704|133000
6899|190000
9735|523936
5637|465699
7561|393533
8107|3643860
1745|247000
9433|9772985
1437|1374882
1111|197500
1505|820000
6115|100000
5139|782680
2157|346815
6057|31296
588|475000
6445|98200
3775|724875
544|331970
2025|1282500
2877|2559600
5855|1568750
339|620082
6473|525390
9751|466547
1595|2332450
4337|190125
576|180000
4439|217565
1975|7839078
4069|2155195
6151|332680
2333|1964479
1102|980600
432|223800
2207|1922800
4465|205000
4457|172500
4919|1038940
3315|1311645
610|120000
3021|328000
3355|1128970
8753|644840
1003|978970
2469|1862571
553|670920
6261|245850
4157|372500
4989|546071
248|195000
662|300000
158|373167
6479|325200
4475|1610887
4543|718373
1227|322500
1039|2737500
3793|1365000
1191|593100
5423|265500
5709|2522614
1110|1099800
3869|688800
3691|2396797
1569|3655981
3685|5982594
8235|96645
6307|198104
5033|440000
3467|1053212
6909|541250
1135|1290006
2845|671524
9635|699330
25|1585108
3287|250000
6395|160000
3121|136500
6879|100000
943|955537
6749|1263950
3811|2168333
8237|160000
110|653825
3615|1067237
8233|2005072
644|496850
373|130000
9153|1248250
8291|873200
3971|3588400
883|520951
1094|843750
1287|2819874
2193|247500
1499|684850
2117|7948373
3499|400000
8085|80000
543|1428292
4083|624726
556|398103
4799|3592500
5869|23785860
1473|1328140
5133|9179759
755|4005600
4403|100000
4871|296012
9703|117105
2245|122839
9359|4721337
302|142500
4453|279526
8987|6869556
6021|200000
4285|501250
6415|12941417
3631|546798
9095|2652895
3091|366645
5177|294000
3803|2701818
5323|711876
5069|652026
6609|48750
9163|1155643
2767|1787118
6407|195000
9745|616725
4149|998026
1823|1390252
5657|3212799
3985|97500
5011|1007115
9527|394616
7051|243711
9241|4029200
280|97500
5275|70000
2307|1998220
3523|896400
5887|7997093
1009|277431
6989|208200
3843|58500
9297|737550
598|2621580
4325|464500
5111|823000
8063|85000
8227|2610300
4867|886950
6613|305700
3563|713000
8551|3963001
6493|131483
7045|379278
347|848200
2381|9139681
4839|1473250
1349|3259884
2711|2015520
6957|323200
3109|1269090
6781|100000
4645|970976
4663|1151646
1543|1046357
198|1187798
1685|682500
1955|1881767
7909|138800
9623|75000
9401|738687
3949|587500
743|875088
6391|233520
447|1557745
8059|70000
1082|450000
4375|1185280
5661|1352800
320|134931
7637|204310
8127|563000
3979|3155488
7077|4831500
2329|535300
9795|150000
9879|343750
5049|9110497
327|75000
7855|700000
3555|936882
4579|1145504
5735|195000
2047|338236
6643|10315850
4937|273000
9539|2715447
6743|166448
7363|98200
1237|2108797
470|2123039
5879|3849150
1923|1226500
9019|1333588
2281|134931
1681|735750
163|1716950
5371|771875
457|1852768
1126|163200
3649|1115989
5651|618750
9953|157138
59|535700
2555|1138750
9439|4384491
4039|210094
5933|236000
293|16878701
6381|288800
1597|2403698
271|930900
3421|541250
8501|1188028
4035|323895
9141|910100
2065|1070030
7341|544000
8973|1229799
3451|1216321
3997|1064012
5525|49815
2803|1588400
2693|892866
9841|7032898
7879|632900
1327|3292047
197|1239789
310|294118
9001|285000
6765|295300
229|776335
696|300000
1863|2541250
1084|492800
1112|2303250
7107|365006113
9191|341250
6777|225200
4437|423900
6075|30000
4391|747750
1869|1042313
687|229280
6485|195000
8513|125722
3321|707792
2601|622571
4075|454625
679|1321000
1659|460380
2127|2526375
8373|794417
611|3253228
4215|66645
1997|950559
1140|2040000
75|329000
660|170565
3341|367500
5455|198200
1251|2467473
8961|60000
7863|308000
4541|1988483
1517|514395
6949|360076
9789|1654500
6491|610000
3827|1490526
1263|2253989
587|1155500
836|204500
1943|699384
5721|2523254
4739|1286981
7479|580000
3033|688313
2897|365500
6675|470900
577|350000
632|651316
6049|50114
777|233484
6019|323250
9901|1987207
2273|1165238
929|385853
4641|1119966
387|1709094
8159|693807
4587|200000
3987|100000
774|6377700
908|769903
6727|279100
7553|250000
8187|752594
578|301163
1166|322500
5861|1789000
7019|75000
9409|954716
5959|400000
5777|244049
4957|1001050
1299|110000
391|2368000
7963|2055000
9799|610000
2765|1885750
2317|478673
9917|3897500
2929|2845300
3933|150000
558|1609129
600|31588
4813|1096965
250|707198
843|2003017
5695|919927
8283|80000
407|698768
7805|321200
9081|700000
1915|220944
9441|107800
6913|636786
1775|974060
9169|1899600
458|1316950
2745|8446654
9815|1393585
5461|205000
2225|16134914
8593|939375
8257|682716
3525|286000
7911|323900
6645|3828100
5093|130000
4971|502566
3569|278000
1162|35000
2391|838420
6225|98362
1641|116400
8553|1377250
2003|2893967
8095|276140
8665|143398
7143|814400
1045|1223258
5393|1022620
139|412998478
668|729748
5983|303482
4967|2219450
481|432768
3151|757500
2377|1454971
114|50000
1663|441950
9171|700000
4747|613000
9219|2801000
6133|1498479
6175|447500
6603|307333
5413|4196550
542|312028
5481|115395
9371|2249260
4933|80000
2707|6688070
4449|344450
9487|2446250
7727|169970
7661|50000
778|2885043
2701|1729659
729|884066
4873|157029
3969|2610039
1357|1339460
7675|147500
1127|380259
8247|493750
1421|1778225
4247|100000
2371|1023600
7449|1504974
1275|2833051
3405|645628
6273|216987
9069|3954280
9007|875000
7235|196795
7029|370000
1047|195000
4857|448342
978|115000
4959|944650
10|657245
8787|416000
8323|40000
670|507176
5851|8210067
9963|190000
3671|133162
426|220000
583|1118000
7329|656866
6189|1670000
4161|724666
4847|134840
6233|60000
7747|394415
8231|110000
9783|50000
9927|1485150
2439|1764321
758|1746727
8459|297500
9211|1556300
7577|214000
444|1282500
8507|3515764
7359|66000
6203|631140
4087|299410
899|1833400
7117|625850
2375|1161541
5567|256400
737|689320
8005|348463
2279|1424444
6105|497500
2399|250000
1367|1125982
6959|345000
7695|918075
6885|1280700
5601|2718899
8403|257500
4829|432566
9073|19750304
2625|1052500
3577|822569
8539|268900
5497|847020
1401|2266630
7513|2493538
4949|345842
8271|233000
875|1013620
9797|1522802
7437|706250
2421|2203688
3643|100000
4497|848566
9631|630000
6123|50000
382|146250
58|1432797
3475|240000
2577|3860643
799|1545000
123|795300
9769|566433
3383|948799
1149|463260
675|3293592
9375|1619460
3229|479999
6697|297500
6333|195000
1022|367400
7619|140000
9361|13302884
420|1085000
3695|548870
9909|1228755
41|1847650
7735|700829
6733|390700
5975|673529
5205|591815
9495|129047
1633|756500
7733|94464
1983|600000
6065|100000
1817|928500
2473|1481216
3825|736900
1001|28970
6589|5016133
2429|2886558
9325|8619250
4999|515042
3515|7461248
8383|1040928
525|438750
1177|175761
1119|518626
3917|155225
2905|650750
384|455395
5793|250000
3469|275000
924|253640
5505|420986
2351|3426221
9683|580000
5407|2722259
9903|66645
2753|1922965
454|1353029
1971|572158
8967|1279150
9449|1325627
8659|4148717
8737|942000
4763|2539720
9793|1528950
724|97500
9529|1027250
2941|373230
6525|420000
1178|194000
7947|108860
3751|1082145
2873|724060
2037|1470000
6267|855250
4617|1797566
4849|38842
9849|1576539
896|719168
498|100000
4145|2581337
3215|884299
895|244500
174|2467600
9043|1028000
3597|7395438
963|763529
3551|1112500
1925|1518664
8739|162134
9321|736466
79|2427085
477|1526268
8945|793100
6763|98200
6751|656850
2733|1364950
7447|66645
855|1410759
8767|367500
5773|393900
3439|300000
6833|582500
7081|445000
8971|248750
8133|150000
7297|935450
155|890435
5339|245850
8807|197500
1513|332547
9933|398606
2699|1549271
9399|4513875
2871|1729904
2881|1094217
6067|295370
112|1000000
6495|1566180
5043|2140365
502|105000
2735|1340032
2665|378970
6477|36803110
1673|682500
1967|1200094
3541|1595300
4249|782679
8931|2611396
6223|305700
3855|2443100
4059|446250
6999|229145
1691|1473750
9011|1430000
3669|6868988
892|229630
9847|3048430
4263|900000
186|2583450
8749|4472495
2239|1179462
2721|421400
9307|3055000
4545|1288420
8041|2390032
1755|1563200
157|560750
532|195000
2811|992000
5213|1060150
4639|1031946
7173|120000
6357|2802552
1455|2964750
1157|1993099
9921|637950
6171|350000
3797|496159
1949|190000
5147|273000
584|97500
503|579768
511|149400
5433|1722576
3319|158640
5211|487500
5263|537650
595|6985480
4235|593750
5823|1356781
5479|431928
7|9960924
6251|2637739
5717|1254100
5513|70000
72|636400
7891|136000
9811|496250
7929|1445000
6|915000
1337|1899000
9347|1570000
3817|50000
9701|781423360
12|1212151
7273|854385
526|791470
3953|1427300
4711|486500
441|3502572
434|862460
3435|1386152
9305|794124
2587|595571
6807|290000
2267|125000
8587|1730585
5553|2233704
3285|108860
3389|689500
5807|17591382
4697|1215900
7601|660000
8915|1664600
5583|250000
7589|779889
1061|46362
6601|1621986
9489|935285
374|591500
1098|2350000
5917|1537300
9255|40000
5003|292500
5091|22691897
4737|488500
2599|1883008
3723|296250
9479|954492
879|193640
2915|2708512
6439|40000
5087|1026250
375|69442
6615|916950
3391|4131958
8557|1525794
2257|815000
9633|3537616
113|3534204
3835|240000
2525|2259000
824|437061
7581|832500
3029|626463
2363|652571
9777|3602127
2487|1021732
821|1130949
4177|542800
341|110000
5991|30000
981|2430035
4833|60000
921|141056801
443|2760424
8057|1102720
7609|313506
7267|692500
7015|225200
3941|3287276
3241|2544340
693|1017634
7571|580510
4575|230000
1169|1986428
1699|813200
5905|2409405
6487|58640
2537|764000
5911|7459095
4649|1393534
1889|1427130
559|473000
9107|7718982
1309|943500
4533|868850
7575|837500
346|317500
8863|6317141
8101|235000
7905|1033225
1363|1150547
2633|884040
1481|3538000
7643|1478750
6537|1565850
1116|9084934
1413|3417731
5845|1038400
6985|317225
6235|530000
2825|4384224
4595|5059255
8221|1239487
3043|829000
6209|9610600
4393|349040
1062|825933
9161|300000
2041|2655500
5693|1764550
6027|134250
7317|305960
1077|2996350
4101|186342
1743|3857500
1789|715000
173|293750
7773|1047500
4151|40000
3647|4286787
9695|696000
4755|990100
8431|1076090
7721|847170
3845|784523
369|315000
8713|946250
6787|783515
654|468000
8861|479450
4819|471340
3023|1270500
6861|383200
2191|457457
8143|787500
7719|243533
5219|1023000
6325|270000
6463|458375
5471|300000
9615|734466
33|1541400
9329|442673
6345|682125
8853|1542982
6715|297500
237|393932
2731|954807
308|410686
290|33088
7567|1228729
7789|385700
585|815899
6927|441250
2865|1040000
620|650150
2199|1383300
6741|375000
541|640000
815|1194266
4015|50000
190|601770
2179|1497600
3123|1329600
4047|167500
7367|580000
2463|1807750
5921|7471400
2111|951350
5207|823526
7673|139242
7847|60000
3381|171080
8261|250000
9675|1784173
3581|2016959
1981|22971667
7969|160000
6571|197500
9929|1283091
7455|427533
6683|180000
8229|1515827
897|1720951
4345|344400
718|255066
6193|97500
5061|825636
645|1840770
7651|540459
1713|2420367
3701|479996
2423|1948920
2541|1976408
4245|1059671
9319|642073
4925|2703324
1249|1295778
357|822116
7699|350000
7821|961330
7263|97500
1155|527500
8657|125000
99|293750
9025|4310300
4473|1247100
9763|4661816
2879|2917957
3937|1519865
3575|2437724
6847|1446000
3411|2395399
683|583500
2339|985091
1046|1984000
3665|2510543
350|658660
3015|263000
3045|10680000
4637|1718876
7579|97500
1669|807250
8831|1747400
7613|40000
5113|0
7183|1540300
1331|802547
9521|134616
9431|3938700
1819|2178716
7979|1040850
8927|2813626
8273|628000
2607|2701950
4133|86072959
8165|118850
1211|2335544
8281|0
7615|70000
5615|953964
45|635170
9523|1625625
3417|387381
2253|197500
6917|865850
3097|1094200
8783|80000
1563|3884177
9881|527040
862|97080
3887|213000
2567|425370
579|5304725
4785|2936647
530|390000
8857|460773
6359|561600
2017|1535825
4053|202565
29|13653783
6155|6902315
877|228970
7005|7827675
8097|1819779
567|2082500
7407|1641524
427|169707049
6835|250000
514|5130500
7033|650000
7937|1962157
5451|776826
1651|3554000
6975|100000
8297|196140
4479|509417
7383|390500
5763|358750
311|2664108
4797|344750
8859|3989773
1040|346985
57|7429235
466|4074897
284|210000
8617|1681450
3905|1121265
8893|1834050
5581|262340
5655|2467593
4509|148704
2773|308352
837|1967760
5325|282565
6757|97500
2183|1555151
6245|196400
848|97839
674|284245
5467|881750
2953|3470050
6717|353245
15|7620999
160|200000
8745|190000
450|543000
9913|148900
4201|473000
615|14952314
527|1044490
7027|445504
7417|831795
540|140000
7069|100000
3041|1206892
3401|959155
1999|1332364
694|1122315
5815|23675933
5059|426769
9861|742500
6595|3847421
203|12189936
53|307486
4945|604370
7987|210000
115|110000
3635|2164416
874|50000
5215|97500
6895|248200
6199|196400
9619|924388
3833|2397189
7889|9300
7351|30000
2397|3022571
2175|10952275
9397|1191250
5375|1437157
1325|1789098
7419|452840
8653|646250
4023|250000
4315|336500
870|507500
169|1072500
5711|1419000
8683|917376
1175|740000
8615|256600
9455|200000
6869|459250
6723|2212132
6237|200000
497|425300
353|711400
6127|100000
881|231284
343|392800
1023|1451181
706|346250
2309|4539970
8835|1096000
4183|440700
9275|100000
4535|925700
5725|2865669
8663|999909
2801|1872500
6167|147500
4693|409500
9217|1253200
2171|3406510
3871|1435000
4011|1024450
1247|1979750
7545|445052
552|1960595
8413|100000
2643|2250340
484|1512635
616|585650
1607|276500
6453|576250
898|40000
860|982493
5189|55000
7771|1844511
7961|243750
7617|714200
4057|445550
1207|100000
8843|572509
3233|4993470
4721|843077
1090|5775521
7175|490000
8061|2493004
2651|226000
4685|433200
9091|362022
9341|1282650
1523|232547
6149|1230738
3605|1529950
8385|130000
8833|481839
663|2139657
7353|656300
8435|924010
5163|384000
6665|158200
230|1276944
5365|1050100
5503|723098
1721|265164
3103|3123350
4433|598750
1279|770000
9993|50000
2131|5787450
5109|271250
7425|1053675
8035|292973
8885|662500
1559|9858493
208|1516697
1186|495000
7073|860300
1235|2404200
218|2192934
3377|456618
6071|180000
493|3104493
8757|423200
5277|350000
9787|5000000
3795|181818
7791|731920
4727|526005
9395|2109178
504|450000
8363|202500
7399|97500
7119|70000
4041|1268960
1359|1467269
2739|637250
8995|70000
166|140500
2471|776480
8105|107545644
7785|90000
5919|13921992
5319|707000
861|3597335
3589|4694941
4767|670000
7591|1303429
8369|1188234
1521|667426
5493|287000
6135|462875
5747|138957
8917|864160
8239|585278
145|2840000
121|672500
9597|793280
3055|417250
3753|708374
5635|868181
4517|507573
6283|156000
61|803102
3143|631200
6795|1321000
2393|308860
6213|3869495
400|378200
3119|1146507
3263|665725
8409|61782
9311|1453000
6001|991299631
657|1873298
94|100000
88|1038750
4647|1191361
889|1382600
3921|30000
5235|300000
1927|568729
2509|756321
9737|198200
3227|944
4821|2255696
5999|300000
2857|390000
8177|1260000
3335|587972
537|1983338
3495|2225055
572|637139
3393|764585
9843|3750050
7487|819033
2573|3802577
8313|1110190
1739|846400
8141|869142
412|100000
5465|485483
6483|400000
4009|557780
4553|8023407
1603|1854000
6753|122225
7185|248768
517|455730
6421|345850
9535|851966
8353|791700
6825|1337080
235|3048319
9317|2430000
7153|89775
1439|6387863
3487|431400
1273|1112497
4661|80000
4681|742280
448|197945
6827|366950
1531|5192642
9067|156088429
6501|934350
6849|1056200
5629|4054262
7041|80000
2681|540000
8461|1309942
376|195000
2759|580000
8599|1593615
6455|263020
7737|330000
1849|1431395
3781|1254455
9943|193140
233|491677
472|100000
8425|397500
5397|1683860
440|2937250
7827|905735
6837|991050
7693|236500
3293|1065545
9077|380000
4991|97500
9687|571258
9405|410000
941|1470167
529|691250
1151|1103750
887|1080600
3447|50000
7489|525000
4733|12138896
4447|243750
3903|932251
3693|700000
2809|5269300
9939|321000
9277|304673
269|14595846
2785|133776175
4185|3960946
717|4062990
1122|100000
2703|295000
9575|1560150
8153|465750
8731|837800
1941|945216
2931|1152369
5969|200400
673|1051444
122|592000
6761|310000
816|412300
9301|530000
4817|2511250
7873|35000
935|537201
6469|3805030
9587|670543
127|292500
3981|128000
200|1865625
9491|277500
507|787500
807|890000
7501|1956887
1461|5470901
2415|430121
725|613720
1795|300110
1291|327500
1801|232670
6103|126882
1573|709547
4193|360000
5607|2617474
5761|163000
4885|750394
5551|97500
3715|1310100
2349|663504
116|663334
6269|553687
2445|782321
9027|1036756
6581|539780
2001|235882
5185|392800
3565|142485
903|550000
2029|427500
1205|195000
3163|3059359
5007|130000
452|1752750
6805|247500
3773|773023
819|1621110
3051|1804550
4921|7097042
8135|580000
5117|343750
3061|245150
5609|674737
4243|630000
8327|7559052
814|200000
6107|253510
4067|762890
890|220000
2059|446250
8161|4219691
6721|100000
5683|2798537
205|700000
9577|502670
8871|1796750
7323|132000
2101|374062
6299|2678361
4589|818614
1174|170000
6845|4031383
5285|240900
6035|97500
442|101796
5005|223112
9231|273000
9601|423936
628|1304949
5415|1106650
4599|493100
4507|582817
858|290000
9187|2758749
348|955056
2479|1077500
9005|1689600
852|115000
2859|4910791
8763|100000
5159|146950
6535|286195
7519|168000
2813|3095500
4573|1044000
8185|1437320
4809|296750
5809|1041500
2367|232571
9101|1200000
4471|847500
1012|70000
5849|5636612
1060|175500
5643|848200
3359|1904250
5075|926821
4063|511654
9855|4652257
124|817929
6373|1287700
5411|180000
2411|1540371
8015|126140
7011|492925
9697|448200
4411|442800
4283|643100
8511|15116242
147|2809537
9907|10768000
5931|32000
8003|18000
1805|1296638
3989|1788000
8207|116800
8999|2745030
5575|250000
4267|15452079
8125|140000
1441|3141046
9155|1092000
1071|100000
8849|1160523
563|2444082
1657|50000
9203|136500
2027|3812103
164|300000
8451|310483
2221|4740035
5373|448970
8251|403630
91|108000
9553|842500
305|10365430
5483|97500
2085|1160267
8977|32000
869|6537836
130|1288000
565|3663990
100|50000
911|990000
3785|1830191
1551|723817
4441|195000
7559|250000
846|844545
3745|543593
783|2219985
3573|15996986
678|229566
6239|711862
1879|286375
2725|2730250
6347|327339
4253|383091
5341|550273
9823|100000
3687|887500
2419|7805007
9269|2226250
4781|100000
8875|50000
1763|2234650
6681|8436950
2461|2220154
6967|1157500
1269|100000
2533|1448100
3183|1068261
2737|2737750
38|2037772
9251|450000
2947|250000
6641|675000
204|2522000
3633|536250
5035|329781
9461|1114756
1859|2242600
6429|2008475
6907|171250
8607|140500
4571|757500
8397|236400
695|352708
7159|225500
9257|1084015
4707|820850
3729|100000
4381|1134730
1168|98200
6401|16106888
2927|2225000
360|392500
2659|168250
2975|245850
6343|614175
656|295000
1831|1238000
8981|150000
7001|1774469
5571|114400
1131|1794566
4467|318679
9621|998400
249|200000
8609|100000
1903|359095
3553|240000
5727|747442
8923|30000
6173|766950
318|0
5475|212500
2909|35913901
9803|925920
9365|1334495
9017|326000
1385|6127507
664|539578
1667|410000
5673|1429600
2093|618352
6575|100000
1459|400000
3571|1359570
2959|168250
377|1871910
809|1383751
9773|1538420
3931|490000
7141|120000
6029|682500
6597|3161678
9899|100000
9403|2801573
6315|980475
7179|106000
2741|1153755
5265|350000
9367|1180200
5895|2066250
3877|583100
7989|326950
1665|588910
251|2126250
1515|2429397
7939|146250
144|100000
2663|109750
7751|548000
1381|3175598
7799|440850
1138|20000
7535|76285901
7991|940900
5585|50000
228|587515
1491|2338400
3429|5702767
7043|747500
5877|18434712
3627|346338
3093|967337
661|390726
4495|418200
9531|646547
939|1184000
7339|273750
3505|2700429
6515|844800
531|200000
5127|588681
8285|146650
2969|1506300
1631|813275
5225|363750
1593|2082887
4773|409500
1183|1453316
5671|2364857
2799|2235151
6983|1419090
1913|128250
7337|623935
9227|4850000
9165|5015500
3999|546400
3311|150000
2181|1938423
5749|386140
1243|1100000
710|225000
9393|2304973
6243|98200
2009|297500
767|2562740
633|517000
2543|3307972
1229|464000
4633|616447
2197|840911
7943|200625
7457|90000
4591|501405
7685|403000
5097|984630
8575|332567
9089|3720705
5361|565250
35|1617500
6181|3363750
5023|3253250
5605|821711
8619|3338649
2261|297402
5227|146950
7533|405137
8091|157390
1167|450000
386|381331
6605|1051536
8479|20590
1965|1290000
411|5905219
2091|164852
7729|170000
1445|820347
3739|500000
3049|528000
2185|1179650
8985|11343350
561|6433020
7983|674001
651|5579818
685|823078
1068|495000
273|700000
1028|110000
1048|121810
2885|2729718
2075|292500
4279|77839
5685|327748
5611|8588253
8025|1185645
8351|1700400
3089|1275000
8741|243750
2315|512521
864|66500
5665|1707933
1947|811250
4339|902100
2015|2114637
9233|553662
5797|343700
1058|3234800
8311|1446000
6631|245000
8471|491300
323|36000
9975|171180
9327|665180
3769|1060500
949|4175168
8661|146250
4789|438805
8279|261140
3063|100000
524|690000
868|170000
6549|230000
4221|968901
8017|320000
2447|116939
4787|870166
681|1017500
2819|1512639
6113|240000
1897|997750
2389|1500000
9571|3290925
3081|288937
8535|60000
9775|6430000
1453|7138306
1154|195000
2335|815520
5233|665000
7887|667783
277|1558290
4655|297091
9315|1086011
547|772797
1979|674000
7401|607284
3113|427250
650|70000
175|1155600
1109|545300
2713|235200
6821|363350
307|11804287
1625|2161522
2709|48750
159|1311938
9851|513939
2347|112500
2683|44550
4901|522750
8735|200000
853|902705
7705|50000
9585|66645
7809|738638
1899|199600
2493|582571
4731|160000
295|1821250
2169|2940530
3211|1345469
2675|245850
3911|304230
9437|288200
6969|9271363
3369|948000
9595|846300
8577|997488
291|500000
1070|988790
2937|156000
9051|109070706
9833|97500
2985|364560
1089|81250
