CodigoSIAFIMunicipio|ValorConvenio
1265|26318010
3339|6402685
8233|26767525
8841|565148445
8879|56102234
5289|4950840
8227|12597635
6341|10004793
2759|66702272
838|14199749
9225|10234241
7621|5734297
3977|12895793
8737|22305378
6381|7704856
2073|11762885
327|3889064
8023|7832227
9521|3775857
3369|19999080
3295|7846150
9813|14432754
9151|285856419
416|4859243
8545|10300531
200|9519584
2579|21957711
1|34479557
121|20540843
8341|9546260
7469|11544120
8379|11610527
3251|30096402
4061|1536938
1681|12489891
2009|9684442
37|18007681
4823|4335622
419|8766341
5217|3831168
2885|62749926
7543|4013977
7209|18331361
8351|16714330
5663|35308432
8981|14106461
2571|19013806
1709|13845473
7123|3347928
4035|4502461
8205|38468455
1619|30308355
7363|6690069
4383|8895309
6427|29290507
9703|5004207
7765|12428969
9047|127233438
8485|7398195
763|54373065
2373|13622526
5233|17423469
8527|16413051
4173|3918198
3595|22622122
8547|15402093
9089|17897729
4869|26301515
6225|5393377
6301|13079758
7979|7931088
6507|17076955
747|7810609
4873|8692601
2187|14175371
114|13972150
9025|23145098
4193|6813540
1160|1594035
6497|4588109
9207|9717734
2879|16357513
71|3132064
768|12925316
8949|7292422
4145|23262391
4323|1619691
8479|5088404
7817|19014014
1691|13477414
4755|3936949
670|4482049
9697|4800097
7215|2096703
5491|8940272
397|35140858
2031|16400250
767|28599713
6209|237833618
4|38989185
8335|14602175
823|5844993
790|3250444
5523|3897911
9863|42451532
9447|3201370
8743|4758577
111|6050701
8657|14680128
8593|17425539
4935|2926133
7451|5989876
3061|1896141
947|22633783
449|14676392
7193|1705240
313|64477705
66|2066947
5805|29829935
3901|35273986
1195|9256121
5839|65816744
1535|10665784
2271|7601325
8441|6637661
9759|11997634
194|40198970
2389|17307786
7857|24656297
6683|1960444
8339|30756049
9763|22690238
1477|3317696
1153|121634883
9113|50273941
170|15023686
3969|36150164
6833|5974106
5445|3383806
1881|23633320
355|3318594
218|14098403
655|32386544
603|21413100
6981|3864058
8819|9868503
2727|40209198
8473|5271536
3267|12798173
6169|3322960
6765|3891143
9795|3942981
4065|1393291
2237|14549845
6323|57288503
2067|7767335
2259|10970149
3723|13909031
7739|16023920
2323|64807085
25|41979638
8223|5297550
9495|2610140
938|5596371
9677|52140291
623|32826956
3539|6923518
1705|3187226
9029|14272948
642|4120603
1855|15686355
7967|22030039
6987|4832102
8477|7124130
2283|4211301
3813|14001150
9143|26758505
315|93940784
7173|6197969
2439|14807420
4633|21434307
1561|50718529
4447|3268445
7211|4955758
524|11078386
8407|5464900
1805|15003160
715|4260257
6475|194800209
6653|5586148
29|145616941
9897|32534529
8781|21912833
1143|6741363
3697|28257699
895|23159094
7321|3560625
5557|3881653
6161|3526397
4807|1902932
6401|188760849
7925|4590099
8393|5752851
508|6659000
4133|218757033
554|14886593
8519|16579459
8093|20513598
1191|10025122
6655|6702468
6699|13373406
4811|1386162
723|71200363
5187|2545365
3145|41856990
4401|2727182
1013|4886818
363|5581955
9673|6439330
7001|13524837
621|30291506
8145|6842777
6465|8241743
1086|8761481
6979|105721667
849|47779245
698|2933541
3349|3947126
4831|11609605
2829|6671909
1063|5620613
8387|26334383
9635|15279582
8885|8091570
5659|32481137
8961|4978970
4885|24852638
2273|7232687
4525|1368241
5099|3886386
2683|6697463
4467|3473119
521|7648033
8759|6995348
1189|4304613
8541|66188332
8277|3245347
5085|9098690
4227|8673057
689|13898651
7221|5504761
651|34983249
7933|22413070
2751|7034874
5427|469898722
210|17668728
2265|7713823
1625|9322146
55|13960383
1615|10056974
3045|61444800
336|4722933
4579|4777071
6837|4530849
944|3231086
866|12996342
2703|20248102
165|6024410
3455|10406039
5341|13215057
528|7377098
4945|17163370
7839|4207679
1167|24935616
4777|3427127
9505|2765487
3671|17180271
2347|11926011
3811|31197377
4841|12248157
6011|8185143
3759|11400923
6261|3508168
9539|17754432
923|28945825
8955|37605735
4749|27778681
8549|8122611
6223|1572985
4725|30513361
6849|13587109
6925|3060760
8575|7725431
1507|83814149
8533|6455746
2415|3423084
9093|26355027
5431|5511943
5403|309668964
674|884317
6867|2302034
887|16567209
7819|3255258
6333|8904923
3829|21566881
6721|3026748
5135|6915938
5073|3542891
829|12968205
1155|24947805
1747|15063376
1211|170452710
9571|102669832
4975|3060680
9037|22148995
1779|103676476
1995|9831579
7983|5715038
7005|64045051
3323|7370670
730|3905560
5509|4029478
4479|13916330
93|14270173
4397|999901
9509|24218620
3523|10288233
502|9860408
6767|8154513
3403|28920500
3363|58204627
9341|17307835
2139|17114552
5531|7546679
3303|11603611
5285|5247681
6101|13891755
4291|8345184
8301|9350712
5861|23957032
5243|5627035
6031|4371089
5415|8206459
6387|7126477
628|6161005
5865|1050866946
9191|51059576
1673|4439062
1037|36478654
1369|31513643
2325|13129784
5603|32474505
8265|43252347
2731|13055872
6735|4141990
4463|9325393
4517|16066625
1033|5929863
9721|4776245
1531|35874574
5307|8521992
3321|13574957
2717|10693484
512|6408078
6921|113766668
9317|20308514
4213|7852430
279|10052992
328|9685584
9839|12990166
1641|8200167
3131|6009965
4127|11984136
395|14942920
2861|3475959
7887|18769260
3435|20245918
9563|23064914
5895|27272824
7637|6564682
498|10252037
7671|10451149
544|15271749
310|9384210
1087|11045520
158|5938845
1769|12749472
692|2987306
4013|4090936
132|9717519
1215|15017859
2267|19623858
411|66722408
5489|6778826
5215|3798882
386|6179980
1239|23134604
839|8837941
4449|3419674
3191|25077670
4209|7347239
690|11011724
7871|22595522
5079|10582842
6929|78323961
188|11481266
2729|8897512
1497|10986984
1827|16051199
6983|46559820
8583|6170375
8253|19194422
1913|23964110
5251|4805764
1223|7547096
7201|37245220
9017|20889278
6535|15971508
4341|3802680
6755|3705214
9519|33977736
3175|3662654
5669|20494924
6059|4372857
5791|6971342
1187|4795547
9087|19262462
7851|19591734
8163|44863563
4235|19587993
606|4787318
7139|7281410
9757|15035267
5757|24420841
806|4068820
9361|104443128
5975|18602037
6109|13562673
4391|2587113
907|17872586
7349|10769409
3735|13384006
660|13182436
686|1900475
3551|11093614
137|5303922
1317|17341140
9189|15135384
2327|10574271
8403|8213952
6577|2400123
619|23338857
8987|30680766
2081|8978982
109|40518015
6583|13472205
5611|38644455
8455|7778013
4917|8866645
4821|5601169
3873|49321902
31|4553521
2567|5322950
4769|2948622
103|9125335
5269|11981144
1319|36196219
1307|13983007
4789|13300442
9331|7382572
8091|7854007
5137|27077828
4691|14352699
2625|8106148
3373|5709989
1599|23920537
860|9044051
472|628816
515|31094082
203|19116323
2525|13092814
5501|7947119
1801|9157156
5459|5499956
7179|2837474
4459|3416876
2003|15062332
5399|7393324
8069|16720534
7597|9262298
930|2391991
773|34684512
115|10705552
2503|18155135
3989|32796509
9055|30447391
2833|62984194
453|75091334
2699|13177442
6063|6261610
8099|3513917
4619|2584083
7811|8555631
6565|12112804
7897|14667010
5609|3633332
2351|28717339
965|13823498
9689|2694773
9991|7621935
534|5272473
819|17172804
8645|3740966
5387|19818202
445|17305715
3861|10228766
7779|6671757
9583|3528193
5245|2920868
8083|37895950
8137|35547134
5645|27889021
3775|12745818
5483|3590473
949|18693273
2719|38904900
407|17623937
130|18754589
7755|3643352
4257|6460518
3629|27355827
5261|5537169
354|8354394
5407|41862365
8649|7828961
2377|12885668
7389|7639287
4245|16140468
565|41461095
822|2434732
735|1858858
5961|4660434
2069|10178684
596|5885307
8381|6167731
342|8431220
4863|10133074
1563|25363026
6227|4055158
8037|7665371
1775|12671809
5521|5033886
488|5198991
3335|3151268
10|23772335
7097|222694473
9621|18618287
426|11757307
262|17027351
5449|4784396
5505|10242567
5175|2341466
1343|34136412
3993|46558496
3343|6825803
72|5985438
4281|9540987
1293|1855009
7059|12383085
7911|7261377
3287|3545900
9061|10163393
4321|4017071
2449|22137008
2607|10013099
5177|6618917
4087|3798882
2613|11204199
6139|4330928
3473|5851276
7125|1849184
5787|6120870
1039|15087897
6017|7292292
9783|22456429
267|6810080
4765|2055552
8615|7450858
1275|18197975
147|36901555
532|3909176
1657|3175385
8969|6410788
9743|3106916
5349|1006530
7245|81507703
4159|8029356
8705|68912040
3745|8066063
9965|8982891
5267|6329322
5785|9039002
2671|9259352
189|3382717
9791|11954925
18|11676978
9215|17276921
6949|5795051
782|35924061
1515|41521112
3311|2647437
7845|7513388
8935|19439931
2353|3664251
5657|28955723
8355|21080518
6259|14689677
5071|6308899
4247|2550648
5845|6979635
8185|29164758
6499|3614555
3613|15545623
124|8829925
7493|182433150
6157|8500283
4151|3017503
2091|4745504
1829|17016846
3021|3401263
450|4631766
8639|16643310
7797|18954380
483|407297983
8799|7833982
634|3770987
3397|5553390
217|51566833
5979|2674102
1031|8202642
2663|6201202
9967|14880307
2483|9164036
3643|20248880
1089|10304328
6665|11462600
3995|10124074
348|13180486
9449|11825205
9441|6955813
5941|6764793
1052|375331159
4407|3243546
9451|7395280
9843|68412558
432|8204849
9421|12269436
5119|3814377
5913|16350629
4009|6188265
7687|30857734
798|4852207
8563|5785631
7749|33120271
3663|22497186
9841|43857371
1987|16032189
5969|11542420
5277|3667652
2619|12769378
6083|36059747
3461|9832794
214|6042790
9891|22706507
7109|36557882
6651|3090713
8329|13119967
2369|11247742
6053|7210649
9971|6422533
8877|204102469
4803|3034541
258|9841120
3235|2463805
6573|8683455
56|12359134
9407|5620517
1058|90495684
6113|6088050
4307|3132039
3975|3821644
8957|26070856
3353|39246752
877|28820300
7477|33974974
8151|7645518
5255|6717241
1056|2824521
5257|5782759
3945|3754353
5287|2039279
5875|21848144
3809|6561116
4923|6147392
8765|18779434
4925|20432690
2421|8569233
7153|9407816
5097|19118215
7317|9297167
769|15058383
3769|8022445
4175|2262599
4855|32099191
6999|16040519
128|18222714
5391|29158733
8431|9085897
1427|47492877
6681|132027853
845|3360729
2857|2593924
5455|2616659
3383|9870205
8635|19807123
306|8511310
398|3211788
6071|3781745
3741|16234620
2|28172359
1955|7791130
2819|10872505
7909|4218936
568|3416955
4561|5546710
5735|7137560
1433|21103044
6189|26632379
7537|1758687
7551|3089229
6527|4698451
573|30262134
1557|4444330
6575|2919137
7457|5888203
4055|5114823
7863|6576081
2915|20686199
9931|12405558
5819|170085674
9157|29845411
6693|5524060
7375|8392652
1135|6413155
6405|13694413
8627|14978386
7675|7100007
6033|6657170
3573|191362986
4527|2659927
5857|26828797
6145|22101296
9627|21134074
4809|16664984
4733|889450793
2143|46076615
5101|4498106
5561|5394031
5313|6622056
808|6978673
9281|4898493
1289|13508413
476|4641697
7391|3926034
8685|24356550
9489|24102291
1259|23785006
8559|42908927
7763|27847342
8319|111988373
260|8917775
5747|4541441
5631|19771252
2539|8085813
8587|49303785
9053|10267095
4461|3634025
6811|19870053
3841|11501196
2919|36028654
7047|37906833
8719|6577435
1425|10652224
4003|14051094
387|25917111
5361|3927069
8445|6098892
173|7010080
350|4652640
1177|10620679
1065|10940172
7997|8146123
2547|7364607
5703|183891423
2229|9414288
6273|18202805
9701|104293124985
5681|33629345
318|6630538
4849|3071683
1503|9137937
7411|8423922
1811|14902969
551|16050264
3205|3985881
1291|8232678
1295|5807717
4069|68213728
848|4402504
1100|13738953
1971|9247488
6675|4219473
2953|11066885
3097|8813263
2013|10458880
2157|18359904
8391|7469941
1511|64713808
242|4184941
2233|16606171
6421|7082993
5153|10114608
2993|7309422
102|2494387
9219|22091352
4259|11276497
7691|686350423
3015|2263438
8669|23078752
3261|8643965
2551|26442877
9243|47896855
9513|1189731
238|1755675
5035|45065568
8659|18039876
3019|5065677
8357|24243271
3451|14162884
6553|25433597
479|7495218
2427|31935950
705|11733899
1163|12482837
8035|3561787
2589|46924278
9585|3972085
6635|26679700
2853|28290563
3665|11216234
7395|4922348
2981|1500584
7471|31180648
2931|6293154
7449|32856135
2465|21748082
4901|7122452
3785|4846095
3471|10087508
1733|23123348
592|9354699
1771|5817237
491|9614972
509|45424752
473|47787203
338|4940461
4563|9769128
7937|16164868
6423|5915549
7361|7264993
9381|14397459
4605|5485996
2631|29887481
6445|4521190
1813|8802610
9325|48021439
7753|4253398
3405|7081228
122|7014299
5999|5933051
5193|5382195
171|12166498
8243|5552367
3185|7481689
729|15819402
2941|6964023
6901|13597554
9787|18521076
1637|9340547
9597|15305144
5701|54856131
6455|4865350
459|6155456
5825|52648227
577|10079353
5811|34783018
731|55518066
204|12986778
8191|6535276
8945|6463593
9457|6855300
28|66739034
6871|12497928
2357|175722293
1188|2772631
3111|14594940
6479|10835145
2159|23392090
8501|22057472
440|10581893
9005|29658441
4317|4268062
886|1339870
269|83290890
9831|51243447
3581|18681198
3113|14170741
6863|5093166
9329|11684320
3517|2384343
4149|4818328
6211|4327765
9333|2037212
1263|22580844
5697|92884341
1125|1923508
8237|18239432
7585|3815280
5373|49227409
2875|10941234
166|4185728
9859|13921305
2917|5685241
234|5344309
7613|3237004
1587|55414461
2027|32807979
1545|26798892
801|9987561
5471|8221245
6879|9096586
8827|10122498
9615|13574927
3757|1630949
793|50965952
7619|4109883
574|6281866
1399|14343064
3667|5909424
8711|13844362
6187|3695909
1311|7588444
5767|7302366
1018|2450119
9609|18913962
7769|25389229
3587|8819376
3379|4800849
536|6048166
6489|6951649
7655|5851594
658|6404961
1703|10283043
8025|21345495
61|17512568
788|64041913
560|6566796
888|8651798
4421|2785189
2599|7595285
3625|2416087
8349|32691800
718|4739399
8977|9871785
4005|12984267
7019|2344130
6801|4527719
1108|5391475
5543|13007282
4737|3082823
9069|38190251
6989|2432449
1573|15045683
458|6351400
5171|2211652
2381|181500003
9467|7183763
3681|7579990
3859|15825058
9155|15797890
7711|13390377
1751|11947302
6243|1431413
5283|13422850
3527|20609720
9065|45533980
1517|10722551
236|11274021
1036|10232731
1489|51533205
7055|7222374
2497|22167501
1041|10961933
1201|7663560
2297|14885510
904|3431794
8467|17422554
5059|3402347
3805|3870205
2805|6493785
2955|4122279
7467|12617173
233|19194668
249|11726116
6945|14745220
366|2720825
4141|23013593
6603|6922077
2725|17064653
49|5591983
9555|37190472
4627|1398100
713|15906365
8553|13606916
5843|48438013
5163|12552684
796|1902713
9511|14556353
286|4689174
874|5566065
6711|14525924
9723|4998468
4591|4907027
6875|179267932
5593|9288151
7945|13285263
2817|7503804
3951|14069642
1875|6645469
9235|13229211
9471|12671206
1495|32217426
5201|2654408
255|5289723470
2847|47590522
9153|28180108
6715|28555924
5849|55492636
54|74220878
1525|16240651
4641|21394876
9127|13921711
6759|8578825
7683|25271492
4367|15507805
9793|17165347
5629|70105708
7861|2895384
8511|72976975
2665|5924390
2949|6957142
8401|7609265
7079|694908130
1749|15283568
468|5192304
4953|2959776
4647|85094414
9933|10695521
2593|8463203
7077|50027028
727|33577374
6353|2812967
4861|25702827
7387|6966927
3|2362332991
2541|6983207
9567|5162617
587|31610072
1029|18909806
9125|30028779
7421|17634306
2319|6005989
756|4169356
1327|8708311
1299|9602137
5439|14146102
6917|13263357
899|10780210
2007|6878679
2795|10530427
4057|2770291
5453|50535090
4999|4383348
5613|6964908
3279|28230105
3109|10499056
9423|23250356
98|6021309
3955|6592423
952|13202065
5195|18557343
6417|836219
2477|69046743
6757|4297020
4333|2330558
8251|42153715
3777|2237480
4255|7487374
3855|10471784
7259|4535321
2359|31184048
4773|5926406
3935|6171763
1893|4550318
8261|12839484
447|52262542
4573|28700875
349|4937069
9907|165038791
7103|8472790
5075|1506875
7013|7335729
4503|1788571
6515|8719083
3219|21426370
684|11009022
1197|8052134
8767|26107315
8561|46761266
383|21912377
1949|15015289
7587|5693348
650|2793051
9497|10456989
8905|32342140
2087|13620836
2797|6202456
8199|13862970
8733|20305064
5123|1936580
2701|15668481
1921|23288745
6629|8942744
6199|2456790
2207|22653272
2863|9246266
2855|14161344
6529|8524279
7011|2397423
3543|8775028
1527|59374617
9231|2929242
294|6958472
1413|21602591
5821|39742047
8123|3928759
34|64794421
7507|15943076
4031|75956368
962|4968978
9915|8439315
228|2839064
9711|7082310
9437|5924086
1623|8996533
9187|14574158
4471|13609465
8131|21469983
878|6449100
2191|11675076
7177|9208046
6967|61789058
433|49024598
9349|8843569
4457|5326945
4587|4172151
609|41948859
4727|5234395
1050|6932373
929|20646621
3883|5368804
8503|10049207
465|15996686
1415|7273143
999|3546197
4753|5444656
1929|4588371
3005|7532559
6069|9274876
5063|3643230
8795|17173083
5169|9447540
8143|8803296
6725|5643943
2203|10882485
1895|8096614
9273|6907538
1823|57561058
7031|3886877
4107|3465153
6289|4819369
3753|13002130
802|4698140
3463|9342996
9679|7943355
6613|4829228
9045|18209699
8713|21298706
8863|60817847
-1|517247
5155|90266048
1741|27032547
3959|57782167
7459|8326850
5359|29512273
4023|3943860
6657|4104748
8727|20229761
6303|11082541
2075|8745729
7999|12701205
9465|2328005
8087|14008658
3817|3571814
9751|4439383
5965|5683548
7337|6549214
8033|3409212
1421|32244221
281|97759181
612|5840626
9699|5316877
2897|5394468
2197|5990229
9671|3132396
9785|5005425
9261|2964064
5945|7091193
4567|6181299
9027|28953740
9413|12995235
764|19314038
3093|5302722
1617|22579567
5377|13586018
8739|8569166
2215|3201092
3187|18904329
5813|20218666
7165|6564158
8671|5230285
8193|4104778
5343|158879270
6013|7629209
418|5229388
7071|293123492
6955|1884578
3821|21786551
3407|22105191
2303|28357162
1347|25228322
581|6411685
6645|38704658
8693|12385389
8811|12400683
4243|3103900
69|8958953
9103|15365971
980|5682402
8375|6222183
2557|10767767
457|39220820
7129|9055187
5417|10005298
4373|6510209
4689|757146
5223|7002599
724|3440270
7959|5831788
830|5313339
8813|13130971
1649|9513411
5089|3970304
3703|22885196
5025|5402850
4583|2424581
776|19227114
6451|7657455
4487|1993290
5083|7580598
7003|1833155
9277|23861903
3233|84050891
8219|15726480
6787|19546033
4475|7214147
414|6750622
861|25738435
7323|6177565
4819|18876517
963|23212022
3499|2168182
2943|16156883
8029|7582943
875|6674250
3965|162116777
9309|16052029
781|16323243
107|169231864
928|5013570
6869|3497725
2051|5651563636
1815|7174778
2837|21527027
7115|27523280
3485|10634700
3913|174769512
2871|43235877
9969|8473789
7017|82045916
540|11711347
2705|315707719
5325|4572306
9197|12114582
683|15797984
2977|2626206
7801|6845621
9075|21629040
5597|4912787
5507|5361157
8913|5427844
6559|2500960
6133|16796337
7433|5247940
3973|79200060
783|13289994
3779|5196095
8451|12184010
2821|38712796
9477|7606314
8611|8256527
2435|24156058
6637|16661399
4361|6991007
820|1598489
6825|8496550
4271|4222101
6125|5420433
4793|6173727
7835|4372942
842|16345355
9195|84734631
3117|29751592
4041|5518854
6183|8943477
184|8194434
1675|13042566
2629|85108631
8857|8146874
8203|6275453
16|9999194
4135|2901023
4889|6341985
9397|16516334
7583|113354529
543|14555722
5829|15457699
2145|6953657
7169|31506566
8361|7845673
9853|25239082
1035|11837313
190|9136769
7985|12992973
3555|19153695
635|18403900
3085|19060369
1353|20684527
2901|9979157
1729|15532687
4499|2376864
5435|11841941
9137|20893172
84|5271700
2667|4171710
6957|3831182
1991|9931581
921|4945593858
8821|15262492
3739|45826005
11|61595610
8229|24635604
5773|4823454
2991|1432490
7483|43284210
444|6497705
6741|6254528
8367|66674724
7831|7065686
4589|17019623
5149|5282882
5319|5322854
9537|11381746
5317|3043163
1237|15409860
995|2303103
657|31967578
3621|11122275
673|16485258
3327|8964660
5265|8340784
7905|8613678
5133|70054134
1138|2959631
9899|10796481
934|5584778
5363|1069275
7057|378941667
6865|13856039
7239|9057139
7633|28407394
9313|5292690
633|70578524
1157|22503629
617|48838176
156|4094478
1437|12681402
817|9605991
9267|9905004
9989|4140672
2049|10918335
5579|4475359
2285|9296865
8239|10012636
1164|2486950
810|4171923
4319|2762651
840|5094228
4249|6250909
8419|11835580
4877|253905857
2645|18661512
6229|26849318
8509|11673962
9691|8223033
7791|23043817
237|7896203
7625|2855577
7703|2353633
8017|6865830
6975|4064269
3679|5100378
3429|44841096
7063|1775242
4961|52995550
9561|15034635
3925|8950270
1677|2732969
6799|3995811
7949|13755207
863|22604522
5127|5332853
9857|30540193
1809|7989474
2131|19773192
897|23357021
186|24851836
3141|37831274
1241|18679071
1663|10142567
4451|3029830
2163|11014089
9529|7121882
1933|8219954
4603|5238028
3823|5557312
6541|2379677
4253|11055317
5907|16876904
291|4976624
2721|11144203
1791|2455771
585|17814034
8385|4572386
164|11753108
3563|20629821
4295|4370466
369|7821041
3443|25511854
5013|7136804
5715|16186178
388|8546308
8687|29421098
1002|2910195
599|42994583
7085|1240478
3215|6466073
4699|1670947
4325|3343057
6633|3538048
1789|12638725
6563|55170027
7479|4715674
3677|16227776
4971|6166080
548|10518699
1831|6675310
2559|19609283
297|7141762
7105|9922371
676|2893154
3207|57242243
7517|6537129
6351|4208493
8777|185561580
481|7630271
1553|22449490
1693|2898728
7437|13815768
4423|8695345
3575|13385601
910|3397202
5837|208226473
7441|8740798
9049|16915755
4539|8269701
6625|18210969
8829|7070017
739|26242469
5997|7707495
4091|3017319
15|56735668
5393|10443216
7383|13855017
1363|40137583
4273|20278044
2793|81556480
5231|7601077
460|16339830
4973|13511077
3029|14059588
7679|9328526
5595|10821775
6461|6939657
4673|3360671
9383|8174485
1148|5614806
6585|6145010
9161|4284849
2085|8076334
1997|19298428
1046|12079248
5911|34272587
9213|11364965
1194|646250
1461|26109790
7783|4538612
3727|6473896
3683|3907636
1120|2806128
5783|6211063
59|3689090
141|10933128
4607|1915161
6557|4908907
8801|8815823735
9769|3846665
5737|9795171
7767|7256720
2281|3943124
3121|3504107
359|1569038
1785|16511950
4939|32284295
8039|61749231
1321|24174900
2453|14771798
6777|2543590
8791|475669609
2269|6343032
6843|26254874
4497|2121878
2025|7984127
774|30874600
2077|6510921
4039|12091296
6369|7709572
5775|7889855
8421|3976691
4741|9945129
6065|4172074
4443|4991661
1653|11291727
1303|37558035
916|4018861
20|32774530
3885|5505715
2647|6371460
1102|11590255
511|15464921
1121|6905268
4685|1925010
9337|4784325
9727|12818607
4881|11761277
1695|10004146
5721|15826659
2079|27685004
618|8014502
6217|35476945
8617|13178456
3253|5347319
638|2519804
51|2646126
717|15281004
5219|8734706
4955|550324
7821|4123907
671|40004241
807|42103219
6433|3480928
282|2928424
6365|4059493
1020|6306383
1150|2933587
6835|21875879
2653|3040020
7053|6677091
1473|14778090
1277|38707614
1011|7905326
4515|4408839
2487|23264228
2349|9476951
1057|20019093
6581|13620200
2249|7548932
1793|12934609
546|5608901
6907|981999
7489|16623165
466|9458220
8923|12361844
273|7564817
3357|21940660
3929|10237425
4735|1857383
5311|3648271
2581|19167304
6407|4898088
6411|43099500
3831|6538747
8045|52410005
1435|20169094
917|8539503
2201|11245216
9649|10142031
2597|8355730
5299|5466483
7491|9013285
640|4324070
9985|6892810
5065|3523792
2633|5509453
3793|14620872
6249|104315583
1126|1845838
2621|6466878
4931|1597499
3441|16362307
5495|7351309
5879|39235570
9389|17260776
8679|9733891
1685|10928066
7865|5851992
182|15869624
5627|26109350
9949|4722966
1551|8041868
4403|4178253
4381|13434733
1973|7975578
4557|3286117
7707|13239299
1281|17978348
1723|9851064
4095|4561048
367|14660734
6135|8486089
559|29776742
321|3312794
991|24346137
5291|8362533
9209|1582382
2945|5932976
996|10915235
9973|4752993
8215|5503502
1253|79178500
57|11389500
4903|13271579
8125|12205052
7617|19008881
5943|13606527
6325|3684374
3627|4217481
728|6155337
2279|14510995
1879|12578072
3333|5204857
694|6777900
6111|1674139
3749|15165942
6775|2776788
8287|12362032
374|2848395
5585|4600728
7701|31886377
7223|25797157
3967|6335895
5333|5081661
7529|29763650
7795|27855934
2407|5691689
1387|27294233
8653|23167083
5951|2967956
3487|8710807
2455|2211076
6533|3454246
6747|2339152
8861|13169138
8903|44787752
2099|6875654
1345|21826321
2331|9644266
9109|18037538
976|4828667
9183|39445995
4075|3286947
4575|6540804
5463|5497976
8525|11188303
6197|1493781
3711|9268418
3579|21110960
870|4452618
6883|3659901
8289|9465582
2635|5083084
409|13793156
3419|16311770
5493|9411691
9307|36119793
5873|6490152
733|31815654
7641|14374470
403|13539577
9357|6971404
987|17381186
1701|13056683
2865|21769679
1499|15450931
8543|9218949
2379|23077307
6631|2178378
1903|15405711
2873|5075614
2171|14930643
2287|6786495
9531|8597398
317|5791712
779|22254001
2971|3353894
994|4187648
1027|4197585
5321|1130469
2101|13031354
3743|10119592
844|5839440
7199|6182778
6457|6233575
2463|9175307
7443|3988066
4829|8013995
94|4866672
3421|10475479
4289|7832061
7969|16160938
3561|6655401
8851|22807291
7131|45371254
3583|15517208
323|5864943
6313|173667079
7545|7079369
5581|5259335
6051|3890799
4519|6289662
1597|24428146
9345|11907480
3265|8291468
6307|6771458
1129|8112294
467|2407382
6853|29775055
179|11546944
7197|3442317
550|6878212
301|3641857392
4857|13155569
777|10823949
5527|7862466
8677|13408980
1205|8677329
88|7336235
337|4202656
8235|16698861
6391|12710017
4365|34860158
8723|11200753
1765|9922002
572|49603052
9885|17654208
8459|8392788
3033|2891792
1635|19453991
3895|11051642
3767|7283556
778|11989888
304|8227953
8177|35570845
1351|70928088
5571|2751296
6361|35781210
2849|9603668
896|8938019
5889|51398896
8809|17173409
1969|8503093
2781|6981288
5577|5091434
746|4773114
1607|7164950
320|3456367
152|6259024
3747|16762125
871|13327876
4167|4483995
9633|27404244
3755|6461567
9911|15442296
1417|21702604
5465|6161603
3533|31624793
1235|18909636
5815|89806881
1871|12271370
5469|8559940
7663|13383364
7799|4319551
1645|18921516
6913|14718992
283|113738174
246|4796200
1255|7192073
6335|9334550
3071|13975462
9983|36310641
2235|12893583
1405|15707554
9895|13194589
4279|8564077
6643|41293705
8429|2100022
1139|57976758
4763|120880622
8275|16941232
7511|14504281
8973|10459887
7293|5860625
9411|3038397
3909|97489937
7067|1083070
4019|6962126
275|16917904
7903|7625031
9837|19538330
7463|9832519
3143|6100799
1261|20664694
5835|14227419
9145|3533129
33|56393852
2753|17728689
925|25996384
7431|7562001
6851|3442436
7049|3977336
7957|9993710
3509|7648802
3399|28916759
531|3157675
27|77015849
5499|12310162
2195|9724403
4385|27535678
2461|16682527
5725|38871068
3453|9869849
8059|8717963
1947|8400903
2217|4043366
8823|51337667
4929|14533694
5049|40974362
2803|16091991
6579|120098574
9133|3600362
1487|27264715
1169|11394095
8849|26058727
6713|102423154
5677|34445361
3917|8605406
5793|7845919
1715|14225886
4957|43899802
6389|20309439
611|18780485
9091|12540171
7087|3147520
5021|5116816
1911|17649652
2117|132818916
2529|15963424
2371|7483534
4477|12558748
4129|10762976
1627|11105976
8529|6943050
9959|9886424
4533|12443558
2289|5781583
5831|16346687
5771|4853575
3475|6629693
5925|141150969
5971|4612665
8281|5626449
5045|10283905
167|7333601
1051|14166991
5685|3223107
1927|8465862
614|7119981
6141|30444487
1443|14042352
7575|9973846
2311|6839055
266|7317471
513|7833111
9961|8747543
961|47755728
3867|5382475
2929|19243567
1361|31966070
957|35900497
2957|865550
880|2917921
1953|4481108
3907|9881733
8465|5816870
4137|5127099
187|4838088
2459|6844618
1007|12012011
8505|6836032
4553|225375121
8909|17548407
2127|48540039
437|10152666
3423|19750289
2741|15537255
6971|4642319
462|5307087
873|28881389
9547|8636547
3179|15969357
6997|3789545
8725|15031470
5369|10671155
7519|3788433
552|20497832
2489|10277649
2147|13308051
3285|8508128
5745|3178960
4037|28174930
2103|5190391
2135|3823870
2321|10764580
5241|35889524
408|17435578
6991|6119151
868|13175645
3439|7398261
9503|12255526
4309|21469447
345|8358790
9193|49832277
6397|17390155
3729|6533976
8919|22552849
5009|9545853
641|6848617
1012|3101907
2493|13558201
5005|2623854
5443|2622532
6511|139214473
9715|14195910
3355|7765930
2611|18094317
64|9476603
566|9747254
919|18163657
3589|21118901
4667|6674164
5863|136036247
4445|58891109
6951|2985466
5221|24311611
3827|17255948
7829|12015286
17|40268010
404|5649594
2441|4968483
6453|10718229
2367|4477024
2419|107402927
1457|22539769
9945|10181190
2769|4501465
2035|8360211
6897|53703769
277|12217759
9525|12670616
192|10758259
876|4030014
2965|26397638
7623|26338702
659|26849312
3647|37557196
3927|1883197
8269|15837088
8963|43581981
451|3274536
1074|2113720
4719|6644018
9625|53356619
6805|5980119
199|10614472
1158|4279980
6299|7721076
2173|11336385
2895|12844689
3105|3569245220
2479|19012253
1325|29703520
3585|6259291
9419|15370822
1633|8913466
3089|8302772
2773|7382324
9553|11980223
3519|2685278
2133|7179199
6247|7254688
1915|6816776
3119|14061652
8517|5963055
5125|8055831
5859|44297028
5477|9041410
487|10654905
2709|37366957
8995|8572852
9955|7484484
492|12002647
7561|7425600
7501|7328595
5389|15693073
500|7595730
3541|9891832
564|4027881
4899|15786458
984|4899325
1045|18136726
9009|13074631
941|29144403
347|9986766
678|4963227
4239|9563944
6621|7037724
7263|3724510
161|19386056
6753|8899388
5351|12934581
9685|25590475
9629|5531115
1323|28062857
8437|5501983
881|10832608
8865|20259765
2697|7025873
7241|2279575
761|37346573
4215|2457262
2313|17771351
1847|16109116
42|4414200
9367|11360614
3725|8681844
1493|23823836
6431|2158591
97|18326813
278|8022340
9607|11184623
6561|4312591
2521|235820604
9659|4782221
8173|11781172
5955|6447230
4347|5622802
5559|4869205
9395|34926881
5981|6564531
5689|16081001
7331|10655399
3807|48539364
6931|21198957
1763|22831226
6985|9253440
3087|62611142
4419|6647525
1661|20991581
7445|33166930
7257|4335098
5275|3186846
743|22632839
5541|5920224
8181|2215937
9355|11686238
9255|7937314
663|11497953
6127|2728787
8853|58831373
754|3675617
2985|3822271
6663|3072141
2345|15607387
7429|8928090
1172|4138139
707|8555331
1465|31474546
2715|2675028
7305|4847520
4455|1477563
8843|6963766
7149|187369878
6677|11212883
314|4223203
6143|9664390
5181|919013
6403|29859820
24|22929422
2925|10600853
140|7877245
2243|6596431
5573|5502166
80|7796704
9775|12883390
9035|114815290
4049|5034681
1192|2452150
9241|189788381
1082|18070555
177|11404202
8197|13060057
48|30125574
5027|12951951
9203|2433119
2071|15439553
4577|25233753
425|24352177
2657|3424368
1699|12200065
3225|11722440
5693|24824696
9217|17267909
2761|27605156
8207|7184887
695|36238805
872|8396066
1331|13693472
5937|7526260
9515|8779381
2443|343032590
3971|22416897
1375|19173945
183|6696120
1227|5071829
3075|25189228
3065|3736078
4643|10482315
911|25509214
7509|16651867
9181|13086440
8405|2213463
6279|1433964
324|4377078
636|1419455
1134|12948084
1833|10783754
421|4270611
626|6753954
3933|21246577
558|40572835
9941|7320749
9559|66654368
2733|20479560
3597|176846494
5159|4505698
3869|3746903
3381|18407460
5367|12044786
4411|6089316
127|6901975
9295|10471232
4337|2957396
9811|9257525
2609|3869249
2899|4009766
9681|19541615
7205|2349379
3577|10154210
1689|19071735
7379|10304528
7595|8736365
7953|30458256
9117|13894180
285|12374914
7027|7891975
5727|32563943
3631|8764082
1401|30968487
8153|6095163
4197|6652314
2799|14644518
125|27338968
4509|1168922
1931|33110769
7841|7658796
139|5104061418
4669|8938369
7061|8773822
2499|21119413
9587|5013373
3693|6914092
5891|11352345
4305|14790727
5625|113661839
5991|3138838
998|6708279
8555|16247530
1110|10348903
5199|3366433
430|15649960
3633|3547779
3135|6633801
6329|11635503
3161|5749630
9165|64904542
6373|20230300
240|17127777
1799|8696794
1118|9118794
6061|4922079
3865|20523906
2471|23438510
688|8035833
9453|3704114
7955|16421966
9021|33179701
9737|904648
9527|7529346
3801|9910939
6763|838003
39|44884950
5339|1941822
7167|10484232
5935|3248132
948|4408710
8021|8680118
3571|9981912
1985|11244873
1091|8317412
901|22168916
3049|6128356
8613|28487578
4263|4521671
1407|27309899
4893|5186550
2549|49541310
5375|7408579
6371|145383276
6501|7768955
2533|24391304
5347|2145437
1907|14480135
8975|6658952
4801|10567129
5337|7307518
6055|2995543
9847|50268044
4613|3954266
1989|19568323
2315|3800494
3367|14339440
8031|6321455
4865|314252114
381|18793044
5007|3042836
7941|4239748
2113|2438117
7045|2694009
797|15308337
1941|9701943
4473|10950479
7023|4767710
352|9384936
6899|3843281
496|25107110
410|6193154
1085|4537001
3415|23358000
3537|17722835
2779|18408085
5191|72455887
361|5647230
193|17104856
7091|4908816
149|35103481
523|24392678
6147|7973958
91|13437561
9717|8593211
902|3661700
9015|14630664
6797|4325842
289|24957314
1315|6384303
3819|12348601
6437|3226480
8855|16324689
4469|3521773
1365|22434566
8621|7604321
2713|8236681
5649|14199867
8413|1894208
90|7851574
3009|4694021
6953|31939614
9435|3263983
7297|6527722
9827|8076968
8071|8915826
5485|4723260
7203|5842810
7393|5563736
5867|76139536
4465|3229594
6413|13553305
8363|6953947
4405|5210331
365|4816688
6385|4784202
4701|56820753
8157|6779036
4815|4855002
3091|5408509
2239|52366215
1737|7318694
9653|16543675
1349|46739405
5365|3371403
1132|2329758
7313|12672598
6685|7311928
7183|18084101
7827|8104323
4937|8896052
974|4153628
8005|4794921
325|5290045
1021|16862887
5029|26438608
6107|6200453
4513|14117157
8775|14381079
4597|1346674
4747|10712208
1935|10848271
4995|12026374
7037|9537069
7021|6113413
945|11176476
75|2438707
591|63408564
7075|950538523
4379|1839765
1667|6499400
7249|2783572
7499|9196872
6707|24181538
9729|14340310
8211|13777045
3051|9508368
2177|8390269
7043|2625534
434|6917529
5623|95789416
7921|11397197
7567|12666087
1639|39250205
1145|2468616
6471|6538052
1147|2710900
2765|20168519
1767|21367605
382|5526725
927|3937889
1005|8217441
4887|6635629
2363|5679067
5323|5102674
2019|12845555
5665|11862101
6607|152287520
3079|5506881
2515|15718271
954|9731221
3095|2569784
6019|6249525
5641|24881419
2083|17071970
4649|8705327
5995|3433280
843|10459511
8881|21979000
7577|3853158
2165|6633311
9687|7319961
6687|31723148
3849|14108524007
6491|11036596
8749|35173396
6201|3525556
6429|24359888
1115|12596508
311|53654534
8939|21281002
420|11173831
198|4037352
4943|4789287
153|40787278
4327|2133670
5131|7021230
4529|4720291
1123|31481051
1521|10625454
8221|67428083
4635|13383633
3937|10273955
7137|13211928
3331|12176749
858|12419182
2905|9227310
3099|17696910
7401|5929104
197|7508160
5707|15439767
3949|13448592
8655|28861328
7639|7098174
7833|13188186
9473|15508431
7377|6866231
4913|913398
716|2433187
9647|15786431
3257|5357250
2397|24168173
2937|6366428
9979|8598102
3467|13570917
1909|18489070
6895|3308961
538|4456661
4399|7870899
1849|14193778
8489|6914759
9379|10444643
1579|26036994
4615|2048489
7487|19870543
6927|19663084
4989|3036463
7919|17290580
3041|12736617
1513|15052565
100|6801764
5833|411281937
4617|22198895
231|16477681
5423|2911131
2109|7695618
7629|41614807
47|27486470
3445|8974278
6067|4185828
981|21237709
4671|7970362
9905|20485112
371|5191907
711|19344175
7787|5946555
7093|4039571
41|47625737
4425|2591073
7951|12804032
9149|8420736
7789|7601328
9023|3229740
1203|6413593
1149|16986462
821|17344578
9211|38034404
3465|4791048
85|2408156
9865|2911598
9619|19650553
4951|24089733
9167|185948332
1463|33079489
1171|3459581
9257|20354255
1170|7066409
6647|8479099
3361|2730478
6595|56041810
5605|16291357
1819|10690846
5293|30290833
79|7319616
211|24666735
7653|13503908
4623|12246063
7559|7294809
1141|4232450
2023|11089363
5003|1615610
9249|20832043
2097|9036994
9223|2291784
5055|15946496
5989|5390219
7243|42615629
4345|18797253
4891|17907478
5985|10439217
4343|1975671
9889|22914174
6379|7069845
3639|19549969
3055|5948930
7989|21099119
5691|28077185
1070|2725246
931|6062991
7369|15520338
108|12988040
582|2192191
791|3195425
7007|2604900
4491|3064006
4105|4385395
5853|92020014
4907|1849062
6937|6363840
7681|10425308
2827|26979975
9705|13203760
750|6105993
1449|21027039
605|2383392800
583|53430269
261|51881208
5869|490735398
8331|8559098
110|16976978
5927|12704996
23|36012269
4053|4874133
201|7823471
9119|28550497
966|13159481
2815|5248511
4117|8925374
1837|107497316
1015|6452946
6377|302761499
5419|18040338
3171|21913791
9753|59020352
9373|4395656958
5755|4084980
7657|38027110
2841|24919161
1140|10526965
1917|17903656
63|4700473
5497|11251191
3691|25378727
6221|27443199
7963|12446088
362|6419675
827|6085501
4301|12004690
6855|6016923
7073|4365067
7475|12264438
1959|6699936
1178|5967490
2691|8257397
6039|18534018
202|17060323
4299|1965488
6935|10603605
9573|18163743
9887|60384308
6815|5126502
1176|8330066
2391|8999238
5117|3150397
968|4938128
7367|3364742
1721|8951265
344|6925378
247|31705145
9577|4084019
36|191175533
9063|150156387
8883|12550828
5107|2077703
2511|21332101
8447|6339391
1631|7560539
1381|36217813
2963|4530274
4357|3950484
1613|26330322
5437|5983929
785|10243294
3401|8482434
1159|75857479
1505|32395834
5441|10738371
744|8002820
7761|6015013
9353|4621505
1209|14684425
6001|28055395646
675|27195014
4981|4988345
2447|7702246
8899|66242607
652|2797963
7213|4365931
1044|15640349
136|7134720
9233|29619768
5037|4185023
7505|31221102
3713|20289467
3661|64827478
3489|5253037
2481|12819102
87|4815362
4545|4232321
4369|2399827
751|25091887
95|11559055
9043|33643017
3315|27754152
708|6222076
5513|4446562
1467|18136739
2835|13542178
4715|6382568
172|4999582
672|3768070
4543|8927832
809|19296953
8043|7306024
3469|22049172
5639|6123590
3545|6743376
9927|6911700
1773|5257867
8845|46377921
799|13116357
8573|8885527
6963|14646739
2305|38878884
9417|7755334
4853|16190366
308|2973202
7187|15107270
922|4861711
8293|13850057
6737|16583102
8105|4354178044
2189|10417716
3851|10310901
6045|4609842
7191|37712045
4265|13480904
1423|34995677
5173|1883411
6809|5450281
6703|9695169
117|25532461
7785|3212264
4163|12193016
590|3972299
3151|4302481
2767|9681747
2995|6084194
1999|23791381
668|7417308
576|6315252
9265|23535007
6977|3256558
5329|1716071
1533|12632552
6695|5947152
224|3352055
8147|17783771
5777|5732760
351|9575393
3503|2425216
4983|4308605
346|9602168
1093|15893133
446|7410171
2011|9173352
555|11198987
9581|13982254
5847|67912934
3985|5789245
3699|7741472
2507|27679991
682|5204019
9745|8497629
3529|2147592
8011|6573197
1555|33392064
8691|15437536
6749|7438487
9259|12533045
4537|7384563
148|6818601
4653|23404645
3649|15639213
9039|16019838
8887|11481918
4283|14333346
274|7033140
920|3020650
1577|16553977
8703|11638591
4531|5647195
6589|98175732
6739|8368838
4453|4766211
2021|32546656
1571|25073694
3255|5651745
3549|15010061
9475|7860354
1061|4205546
864|8255162
417|40610856
3307|10873998
3115|23020338
6919|7505638
8051|2961594
9099|26596770
765|26319590
1431|16651150
4547|1716200
3601|13081150
2065|8864168
5977|4521687
914|2193456
665|12148478
680|4330229
8683|69995609
3797|12128912
8495|7147530
4867|8790466
9263|6471586
505|21383168
2711|72854317
9077|10494803
4161|2722837
8867|17419141
6151|5459253
9809|38670493
8297|5955006
8667|28278517
6309|16921361
9829|12756684
6002|45000
7171|3251507
2655|2742181
3887|4350869
9817|7886826
5081|3676390
6035|3452572
6973|3116397
68|9219030
7111|4542447
82|4723618
6357|14860178
5591|3988547
3217|8029017
35|56790996
9059|14242971
3795|5571109
5587|6396773
2167|12997167
8773|39997503
8161|423829409
5533|4869657
3231|5809086
2785|6887662645
6673|7234244
2151|12830305
370|4399946
786|68725982
9227|397094829
3875|33241950
486|11305415
6049|9133784
6087|6572544
4675|29849077
7541|34933460
5553|9832519
7307|8143027
229|7490724
879|16577724
7877|6063765
2509|6669552
8619|34512052
9409|8718030
4785|19990260
8771|150221283
1092|8680305
8787|12862251
4417|34300755
3069|4790778
9833|13409039
2425|9935302
3263|7975181
794|3141973
9801|20317527
9733|4202287293
1146|6538584
722|4232176
1117|2985952
4433|4514716
5887|28908720
2491|648155124
5239|5296599
9643|9644864
2253|9531804
955|5078280
1383|44436232
2299|16076072
4077|3385809
7631|8606513
4483|11799437
2383|18606746
4217|5105892
1977|2871997
9085|21576632
8539|9637184
9141|20384007
8279|9452605
8325|25706538
9459|24150660
334|6212055
4721|6041759
3557|4900657
714|7648536
9789|23652827
3057|6076736
9541|5279955
8889|5739483
3733|5564788
6287|7360752
7793|8804412
854|5583158
3305|4170281
6271|13747374
5197|6398244
2777|3656348
2617|10817919
4847|9017936
4183|7829354
8933|27883924
9773|17520147
1119|10663193
9779|38983107
3765|9506720
220|2712944
1243|17055441
7807|9117918
8601|12629901
4505|2554345
6813|6143523
736|4923801
6409|7036770
9315|5467482
1339|9401268
656|3937040
835|12729230
6173|3712822
7121|262992291
1054|9164346
9893|20741646
4029|23945338
9881|7865812
2627|23785782
510|7384058
9275|5988271
936|5942231
1199|40712511
8943|5108786
7127|2587814
7117|15285399
8911|7129822
5635|6618632
9861|9195207
8839|65350059
885|17789809
9603|8702814
5827|23762899
8551|16172537
530|2797255
6077|8806812
353|6178199
2563|12054332
5877|360177252
6021|7541912
3963|14586614
9777|22714187
4941|42996517
431|8353044
1152|5292697
4535|7269684
2983|3279800
5305|3790699
60|3401431
7069|9055374
4017|9091447
9611|3810628
9297|9059507
630|4276072
2437|8302617
1857|13280614
1233|21772714
7163|3480743
4237|5390051
527|5416681
6611|6416953
2291|7770172
8835|11371718
8605|7388629
4833|4829200
3547|28436896
1043|23856505
7669|4660291
631|24055438
2675|3196485
3839|12541087
7573|6160247
9429|19418075
6375|10021780
455|13201225
1669|12385153
5871|59419899
8241|8935573
2495|12522675
307|111303486
7667|563104104
3609|2876949
6179|26597450
5535|8814732
2969|7227047
7721|13768534
8439|8062357
4555|7833352
8267|25509954
970|5174614
134|30354350
9637|13701558
1049|10801502
762|21296639
180|9057693
816|2763637
1113|10045308
5899|14286171
3531|11171891
1165|12056881
857|48857654
484|6127498
1186|11505842
9739|16207400
118|5326344
5001|1149539
142|7445117
7659|34910251
973|18683999
2737|13590528
226|8779509
9797|8658361
1287|33241765
771|16624607
6459|10499921
8797|9142216
4007|6279975
8183|192280606
222|4201778
7563|133803134
3417|13203919
1305|40726421
6235|9060042
7325|32211185
1547|33765463
5421|1599562
1101|7021056
1094|5121602
7717|4565410
4121|820989
7015|7236724
7345|6961603
1335|15905481
2695|5528605
4959|54579112
946|4274507
9427|3918085
9201|8683619
3999|7373786
648|6554576
9669|7017489
9761|2523208
9425|64555103
3227|4507010
133|10306448
6251|54954061
5129|3156501
21|23382740
2181|4685273
6029|11116694
6233|3363270
4199|23326457
4511|5620776
7185|2619356
1899|1348859
8597|5038648
6933|10351229
9303|5091405
2813|47435929
738|2718096
5229|2053317
643|28801934
6269|14335131
6523|2588705
4119|4705323
3359|18250017
2409|2378637
8417|4160114
4131|3556648
2129|12780854
5983|6483496
9083|14723117
4621|5368665
569|26744304
150|8322767
1651|46646663
1207|23634968
62|5967019
8117|82988420
8273|3732942
8019|7020348
5165|1740700
195|16069311
1961|23343652
2669|3754581
932|3864868
162|8733419
6587|32555520
1297|6823661
8409|2644325
5475|8264517
9169|11606089
4837|5174951
6395|5212047
9517|3153364
8931|22816152
8309|8772265
6521|284801796
9667|8096289
501|27826976
2211|15960899
8343|7766219
579|19429285
3641|15523389
4859|10880226
990|4869878
8169|4694658
9123|43640202
5405|2460832
4177|7356269
5959|7673946
6723|8226234
4843|7074230
5051|4257436
7705|2763675
4779|34927410
6281|32388451
4851|2410940
6803|4188464
9731|3924814
7385|7538592
7407|17850988
8377|4562690
5537|21186095
8139|16134455
1355|46340018
4783|16873632
8321|27392788
5095|1262609
6903|2209869
2111|3988431
4559|13680250
8463|7246298
7217|9576215
2105|8557647
7161|5337810
1014|4700604
8|24378493
5111|11030926
1889|28215179
3943|10190839
4481|12788682
9683|6719088
7373|11947141
4339|8708765
850|3986086
9713|5901226
1679|1909824
2583|8603676
6539|5720678
6015|8709118
6641|5605164
4693|9252107
2523|7948870
3889|37922321
2399|13741386
7065|7463387
7251|1746207
800|1514042
5883|81795574
3803|33142228
1103|10819119
5751|4204458
7525|44221909
9875|15793770
6159|3978663
1257|8437541
6779|34444447
4915|2993513
3391|31345637
8873|15220235
2801|17701797
8721|36847922
3721|57507891
5401|664404934
6175|30524611
3275|4841970
6671|32016754
244|6089313
1943|12278467
654|3872443
9569|4659495
1084|3940920
5525|3382262
6877|13846271
1783|3175729
76|3504462
1016|2799981
7225|39517644
5473|7789838
4743|19130315
9007|8278406
390|4414993
3073|6588502
813|20482442
8515|11929059
8663|28754660
480|7023222
989|15469562
5749|5693522
73|10319978
1585|194690413
2927|6719578
3997|18978954
138|7351740
1131|7678795
5957|4063998
5331|3743973
7971|9338290
6463|3713373
5855|21783781
6037|4389338
553|16281106
284|8371548
3853|3927284
9823|8306743
2587|6004770
2531|17788925176
803|184837805
3687|6359158
3763|8255401
6149|7752087
1937|44034977
906|7430343
6305|18391747
2923|19386717
58|11654927
7531|9354859
53|9049457
4965|3392784
7777|221220459
2505|4111382
3877|8696767
4147|18565385
490|7355854
4025|1921543
2469|6547873
8111|8920652
6717|12927614
9205|22166786
9163|7980088
7677|15768124
9391|5257751
8079|5936302
1851|5509666
6255|5621406
4991|3872873
9339|2319200
8411|3578184
1393|16621389
5723|23305467
8745|7546951
5933|4127763
8373|25588053
3919|8994465
4437|2703097
8285|6096732
6345|7762870
4661|9113497
5247|13149703
299|13567446
4033|4468652
4993|8142298
4895|57783695
1371|27378434
9081|14902374
912|8646258
520|2051012
610|2863066
4771|13328380
6003|7084564
2623|18069887
986|2572387
616|3196277
9199|14301361
691|14746398
4651|3533888
5921|36110442
8807|8452063
7311|6519569
5077|5404395
7741|10994135
4153|1482300
5301|5490284
2161|6135542
5227|4269583
593|17656685
1196|3798755
7195|8928464
8623|8550687
1817|7363594
2039|11828785
1055|9105567
7847|1810722
9593|7069067
1130|12001360
4109|5468104
6265|3506262
1939|10425018
143|21791843
4963|1482650
8247|4159720
8337|9188646
7751|84681305
3195|62151705
6915|46854287
7569|33548990
81|2820933
1111|1616346
3247|38261315
8589|259221322
3127|19708706
9645|25377475
709|5234746
1133|6024324
818|1172150
7151|101213481
2251|12227931
9375|17676929
5915|46873820
2213|6082064
4027|459138
2643|13157471
2339|29022580
1897|12627330
5939|32016386
405|5251737
6807|17892960
9399|21323988
5043|27361669
5687|19473660
1479|28440459
6213|38574062
3365|4336803
1451|58366194
5731|2809320
6167|5155328
4927|2982389
6513|2687268
2603|8290598
14|8678262
7237|19307577
8395|12318747
8159|7313705
1901|14017854
4933|1880562
3163|21727056
271|7570318
8049|7964814
4219|4754710
956|6912621
3155|11720436
8009|3854081
2811|4724629
9851|12095415
687|7015535
7973|10897118
6841|1597168
9097|5767466
5615|18816075
241|50109174
9269|11410916
489|13185656
45|26162818
8753|6759092
4541|37248429
52|28155638
6639|72028575
7309|8371119
720|4110514
4817|13492561
2395|21171782
9719|17225321
9749|6180536
2999|4069568
6493|6082189
8461|29862539
1379|2181409
4761|5841225
1026|8431642
5303|2252105
4767|25117023
5555|7625653
8245|11988037
1877|20759998
3159|25630647
6503|7937415
2329|12665867
4441|8242478
3847|8094336
288|4323015
8921|21209330
837|13281336
7473|10184558
3425|13729029
2681|1543723
766|10523105
7823|17966080
5371|63684127
9533|11088793
4665|12185089
625|26915955
4115|18262362
6241|33742059
232|2421242
8625|17206898
2951|108870774
9939|7466395
3059|3428371
3991|8379585
9173|20233281
5547|5082426
8291|45943578
8991|30898517
2935|13229540
4111|31120379
1439|94498212
679|26425882
6317|9844106
721|12728070
7695|15626094
3043|2978896
7295|6467364
1064|4074612
7935|90068014
474|2326614
3947|7771968
2679|9637240
537|8649579
8755|15101358
1395|54251024
770|38325831
1683|16081662
9675|9933406
5433|22197946
4799|43876421
7041|1568873
7353|15588009
4987|5397260
7987|11094092
8067|18206368
8953|25027841
1116|80069498
2757|14372641
6103|7507499
7513|46324508
749|7678503
9483|6076502
1181|3301271
1523|19350260
4225|5230700
368|6573378
2787|20385851
6393|5932788
9221|267475390
9013|30005887
2601|5815972
2907|5409307
645|26148565
9937|53177704
3983|46564935
4601|14601877
8999|35704598
2979|3411639
9765|4419479
5683|14490055
4179|16941116
4073|11146509
8095|9042857
760|14980424
448|4438337
1951|17552132
375|4975050
4203|1305480
4759|6553364
6819|5909492
7409|7543824
9695|6488388
406|6122949
303|160688601
30|85716691
9919|4396091
8609|4934267
5113|3589538
7423|4571433
1144|6180853
3237|6443480
298|3241093
1565|29659386
343|6597655
9963|5084469
1168|3248791
399|39519598
268|9304657
2423|30284687
13|135702038
191|10811454
3211|13911944
758|16007057
7523|13465486
8119|6909885
7419|11020316
2585|14473707
151|36196699
9247|19648592
2947|2987293
7895|3888297
8057|30676260
1025|1442655
7591|25913322
7351|9070210
7981|10932406
2405|13485259
703|21159249
3447|1880324
8443|3386807
6905|7756125
8257|5491167
2605|14583813
5157|7799616
8133|2668068
1075|4061972
1373|150637320
5381|2143490
8209|4688314
2275|6740324
8101|12854674
869|31473600
3493|12977151
5987|6054861
3449|15277708
9599|33961504
4093|4890207
1471|31446441
1885|11802726
5633|22667759
9305|12874349
8937|10099907
7993|11126639
8323|11370474
1269|9459455
8249|3269986
2739|7050967
2637|5039151
4565|5247079
4797|3642719
4611|2910961
6909|8022514
5739|1468161
7415|10143718
332|7086269
3067|10225958
339|7228337
6297|1210574
5109|12189393
5897|201971632
8497|8654962
9335|7040167
372|8333785
6519|10632591
4313|6322385
4729|6291001
2005|5561531
4387|80083717
154|9726037
7651|2814166
865|7029319
2893|14184835
3249|11701028
8007|9417807
7399|3318913
6181|52496524
1713|12359510
9803|35471530
3535|6503588
5567|6010535
6891|9404095
9639|3363400
9229|12943247
4875|2715268
4079|37530893
7119|4746972
9909|23890802
7181|23940911
5519|4901299
3329|8177342
1359|21338266
9651|13970044
6115|3612453
8347|20669384
4905|31450420
1873|7463623
2301|24645002
196|19732560
7881|21872146
9491|3041932
1611|9092118
1128|4118526
9401|10749638
7673|8326186
3039|9370829
1787|33022596
6231|15780642
9977|6728226
1221|13018506
985|16004979
3301|12522326
7731|30892454
3393|3862111
1109|19215053
1066|121616758
135|4572148
908|6315802
253|91034782
9485|6434369
812|3706724
4201|2429245
6705|11978554
737|12115371
1095|15724168
8303|4116930
8661|15238616
2125|29811905
1081|6685387
8779|23211697
5967|7441480
412|6532614
1001|9653742
5781|2306175
745|4754909
1080|25246583
4101|23243025
7647|7085866
9001|3140513
7589|15909153
4331|11881959
3189|26204056
223|46103036
969|34701394
6549|41780348
8155|5538412
9867|13106579
685|26003082
8523|15582948
464|4878110
9363|4916506
4709|9886929
5517|9046478
7849|8326338
7853|11700863
9741|18351692
1136|3473997
415|254520927
2467|10588637
8179|248013769
9917|31617709
6743|4403432
276|6163277
6609|2673245
2545|18873645
2591|14744961
4089|38079075
7729|6541358
9171|14496110
556|6868494
6311|18760224
1137|14343566
7335|3446102
5761|6540860
905|13365728
933|2543226
6525|3393275
7417|17134220
7533|5222048
4551|4081003
883|8953238
6731|9228015
5457|5224406
3229|4293407
9575|20449657
8001|58442968
8457|12353376
6469|44273726
6435|22686734
1285|15652265
5963|6235719
2577|59314555
32|93934531
104|8869366
7649|4811357
1283|70164707
6117|4502803
1731|5253719
6073|15073189
6701|19388659
7|109382833
5033|5771952
4639|3654663
507|10248673
423|17175405
6105|4135009
1671|43543203
1032|7865864
1403|10486613
181|14759980
5|185650982
4083|13913655
8475|6733259
1247|15288319
557|14665955
632|3094675
6873|11664104
5011|4282099
1593|51217367
2401|14006087
1225|11876299
8399|6772521
6185|2127387
4195|3186042
2361|7290500
2227|53340770
9351|13373877
6327|7253202
834|7062654
9543|58162659
78|4894246
5923|59168193
3931|18125797
252|3432035
5189|3156750
4969|13204298
647|17535191
1022|2240158
6669|20626697
5647|36829324
8317|35802339
1219|5562783277
3007|9936545
1391|21592785
8927|31628776
3669|238393312
3789|12303245
4047|1738412
4521|38660555
2555|8222580
7875|11173603
5817|12759773
265|19752751
9549|12581871
9735|3835997
8103|9493158
5235|14926982
1151|11472482
2891|22382377
4395|9613722
8603|14148675
4011|7807481
7159|5248270
5315|1151850
4229|12522488
3835|9605652
5733|14130144
4393|3521375
988|5132519
208|13889187
856|3639317
853|14271950
3377|69240767
4059|4292672
209|42605993
784|14146223
5679|9931142
7733|19609456
3003|11041200
5047|25432220
4329|12801431
4659|7990483
4919|12303855
4349|12431307
2341|32766647
7107|28381644660
5327|1637850
8389|22050664
1142|3417450
2791|11116929
1841|12591646
700|1890833
841|11060112
2661|5039083
6885|9185265
8003|8765590
1727|5720219
9031|6650673
578|8177058
8897|11114794
7359|8219317
8121|19589570
541|10835103
6137|34993032
8989|21037072
443|24643749
1313|49329867
5881|23870845
6531|4194397
4703|24435804
5143|13096083
7371|7866521
7143|14696554
2155|10123872
1034|14101376
3897|12410717
7247|2757448
385|15499823
1213|10893204
9321|11152513
3957|73168999
207|35397028
664|3411349
3173|8309035
333|5029077
5273|22671272
2749|8133704
7899|7048254
99|4846222
475|16018257
8633|19823115
9551|8463844
2967|12294115
2519|11235643
155|10973094
1569|49099508
3345|6702850
2045|8186015
9975|6753494
3773|17714218
6193|2096585
1445|7915167
706|7750011
3199|8229388
9121|22771185
4569|3627595
123|12317084
8993|49345253
3673|5863434
3655|12356821
1245|8223767
5461|3788859
5141|4224731
7051|10890580
5809|36895443
967|26205939
2141|7607617
1887|9280095
4099|3646649
2017|7425355
7885|100904146
9057|21751412
2375|10172995
5413|48467679
8785|101994169
924|4719266
6|8861033
239|10459473
8027|49822522
8831|15029567
8941|19860972
7265|1215440
6027|6658868
3881|14187037
1867|11287270
340|8111852
6995|3414290
4787|20616803
701|11629005
2889|9018608
159|12222606
3371|8030924
7267|14017828
828|1086680
5031|5260295
4985|43941245
608|7990125
4947|7544118
1122|7601590
2209|6887487
6601|59075141
9819|33088727
7757|5241148
9239|11421740
4223|36807139
5769|10211574
6545|106748598
6823|4195909
8053|25301746
477|18602670
3605|6296744
3611|8726193
4353|6362986
1581|35384862
1861|10864458
5019|4977937
2295|6536484
9179|12940952
529|17782469
6773|2118194
243|13150989
206|13182881
7645|2943205
1090|8999795
3203|8391990
8129|5802129
2755|7597746
8971|2472238
7609|9665220
357|4502525
2527|4748203
894|4214268
958|7603149
5411|6465470
935|7066953
1193|9266783
9129|24060423
3395|7134013
6771|18104976
8305|6844471
2989|3120493
9595|56140561
6795|39400228
144|4211008
7521|8015005
3223|19013429
567|63063393
6783|2822531
469|11007269
9111|20428492
1062|4516475
3037|3952715
3603|10579358
859|24308928
4261|853206
5637|33248378
601|5785217
8907|6068268
5041|40146498
595|37285556
542|2739257
7039|3294797
1156|7604832
401|62682963
950|5511932
602|2574255
2689|3654519
563|14357904
8571|24794499
3593|76214517
2789|22710570
6447|2371155
4489|1807803
1491|22727993
3483|139674514
5893|23246106
1217|7285860
1047|1821281
2429|32573457
175|4906237
1697|16748137
6857|10877980
5139|30282105
1629|2595181
1385|90373440
6321|8705156
6165|79161757
4231|14822101
1099|11529015
8731|5848615
4125|12276241
8353|9624452
5211|9928601
7709|17429757
8499|9351591
4805|4879582
598|16109309
6709|3785192
890|6914634
7715|2559453
1114|23326453
7723|4643661
2433|8010691
740|1710932
3457|15705328
972|9767709
7991|10573693
600|6273035
5797|3723892
4185|55482380
6439|9518408
6965|3611183
2277|6552801
867|11135612
7083|18449002
789|6490118
3707|6138953
9657|3429263
8901|70185482
8891|13504458
19|57593238
4677|1498826
8579|4731473
3695|16129030
3495|35297843
9323|10833572
8681|79638356
9237|13123006
8871|15618799
6761|11059018
293|27790051
6593|15492477
1127|16818897
497|11500556
2307|11608991
586|8057793
2783|22730975
1166|2693522
9293|19938579
9369|13803382
2933|11597677
4711|2017355
677|26316726
4599|4694294
441|97283503
384|10420956
7539|5976625
4495|3755713
3313|85773023
3607|6141051
4883|4195997
5661|12723009
1543|13796409
2867|37233557
4637|11280686
1863|9792253
1429|95722161
755|12520613
12|12443859
1419|25485706
6239|16475543
5061|5739052
1161|15677382
503|8402303
2205|4392806
833|16283984
851|25578195
5503|6296382
4063|6386164
5651|17719788
6697|5879951
1781|10063352
7135|75524565
3709|5648422
8535|6096038
3387|7259229
6195|6996714
1605|9909115
6571|4266536
6343|10120538
9981|29176474
471|57325256
7643|17994070
6827|7004692
4631|15908553
7907|12773355
6947|3631197
5807|115548182
1271|23560595
5655|11929283
3133|13885765
4609|4691713
4679|5955418
5569|4605165
8259|23978597
8127|11052338
832|6277659
9845|6551826
8715|8152977
3125|25845396
7465|4644981
9271|3567611
5799|6818496
1761|5083884947
6845|15006992
3197|10535643
9445|123288499
7607|41418471
8065|6097376
2225|58041517
926|5627527
8041|10588342
4795|8230492
2309|35536972
2431|35174791
9469|8617197
1447|121572839
825|34609176
174|17094527
8315|9399693
2485|4869068
597|12825395
1559|229667018
3491|7331459
7233|52190417
7735|20745786
8369|39170244
9499|9627937
1019|4309513
852|7603304
752|6746543
594|7346192
2001|7486120
6615|16255171
1124|1958850
6543|43274540
4205|4396340
6191|11768602
8171|17792322
4645|8719179
7571|20517204
8507|43454501
5447|9207442
8225|9673560
113|24153833
9825|35366458
9951|10246727
5695|15929842
5225|10072547
1539|20693858
4705|3507472
3083|4862661
951|17229622
6057|3456266
8641|11905267
4211|21077380
4625|120478646
3719|7336925
106|14610241
178|8629202
6315|13173291
2961|1971686
518|10686437
9913|9196563
1777|19249689
2887|28685206
2121|13273926
9365|49568786
9995|20972564
2921|13965674
7685|7354115
613|151048282
939|31123918
8423|12476033
725|7358405
693|17290273
264|12744075
6443|3063776
8707|8795104
1755|15121780
5885|23662786
5653|32471605
884|6790693
4687|27498818
942|6085372
9935|5956003
653|11431904
2883|30280192
373|1998317
2649|16934187
1000|2812925
2513|258370152
8647|18342712
9291|2580253
1945|8189397
1411|142600653
461|20325267
9849|10668569
7145|75664821
8757|11105697
9993|3660242
3241|36605269
9663|11989897
5919|47322374
5209|2902691
8675|9610964
2735|12899995
2385|7483769
5953|4403977
9601|28808381
1845|8713341
8833|8050389
402|5248417
46|24900332
662|21007226
358|12036676
892|5163119
1963|9199408
1006|3250373
3987|7984426
1273|17616574
8567|11856084
6923|7490124
4839|5419675
2263|6413688
8983|32074006
1797|28990640
435|49021161
2987|5320848
1603|46105410
131|96994531
2059|9087446
3221|6944141
5487|8012333
3921|3545583
9807|25978718
7455|16024882
2149|6232980
624|5286913
4723|25734592
7207|7407664
7175|23864157
6163|176312330
7397|9393437
6257|9779357
5717|19588271
4413|10438823
9439|18119048
5395|3928971
101|3158793
7867|12886686
1621|11357986
8925|5283400
1309|8593110
1179|4869213
6473|13020252
2859|126498522
6207|9955457
5765|10966736
9957|2787462
2569|11472977
8435|6066308
1835|6537271
6129|2863356
5931|3140413
1967|22561616
5105|3558138
8141|9686299
2335|8260983
712|9485934
1993|27506988
3761|13599519
9301|53274174
2169|19750844
3385|8571952
3731|23020681
5763|4941963
8371|11229911
9631|11902267
6729|15025594
644|4657306
2089|18950571
2179|45680920
6727|29669167
5087|5551469
287|14339868
4949|1716121
918|5171359
1979|13784693
2959|2564073
6425|66292409
436|5183741
9159|26339056
855|15118258
588|18040466
2119|10826033
4171|15506090
3103|16062608
8817|25046291
891|24064169
824|2886080
3193|5440789
9071|9931112
6267|4643251
2747|54534669
9873|21032946
4045|3525650
1048|11838373
456|12480709
3685|163510677
309|124494772
5345|2145890
3137|8261644
6155|82206300
6349|21944846
1647|9405567
3375|11751869
8013|8693706
8595|16145234
8189|9349075
5053|6654062
3787|11731339
9879|8330858
669|8918392
9073|2960958739
163|13597684
341|6644072
3567|5475268
3351|12826937
300|17876667
6007|18014472
1341|22615939
5309|5989128
3507|5299615
1485|17037174
7435|39116236
3325|11162064
2057|8345813
7855|5578282
2909|149433697
6275|7678885
6331|7153998
5297|2917170
396|3928446
831|15509223
7329|12295233
8997|8781895
9433|71644838
3879|10979552
6415|81150985
3521|26947904
5619|29836805
2337|45002012
2137|3985182
5643|7310284
1589|34986170
8483|8791963
4103|3001336
2175|38462695
526|4854629
4241|854486
4977|6559841
1096|6055662
7775|14195108
7095|40805783
2451|9184684
5205|5377364
2809|57882825
4585|10313827
205|22375481
997|5420209
4431|81744689
533|17223535
1185|2204359
5753|6863817
7527|28864507
9139|24274942
157|14159795
4507|4307105
3825|12027869
7593|8546293
485|8178911
9403|19561033
6555|9108243
2219|5311671
9319|8969877
1003|41346211
9725|13906833
8469|12695834
9835|22490779
4221|13234238
9487|14941102
982|5214285
1821|5039535
2231|11146451
377|42659584
213|44857964
5801|93453280
4285|13378262
4827|19139963
5451|5168328
9431|29564694
4415|4521867
8201|3841811
811|22868731
5719|14436146
8825|14407325
6005|25553781
8283|6345840
570|2049810
2743|11160349
3129|3314657
8701|18368285
7913|10806492
8729|31215701
250|10632544
7405|4038307
6789|440361863
8783|4304808
1067|4795791
5295|1200805
394|5665032
4287|6188848
9079|21391814
5549|13316585
43|31170866
3941|19724193
5467|5121554
9175|10189507
7009|5487153
5901|362051520
6537|6331501
3653|18152523
3153|8874178
1659|6972579
9771|12963853
1441|18010251
9041|26679819
7615|6094538
5929|12211925
3513|31707197
251|43458003
6285|13125574
5069|6513697
704|2165814
3953|11703401
959|5348141
8063|3120734
2015|9514963
1965|66457678
6959|21888781
1069|16002426
5803|28189488
2845|24095823
145|71813942
9105|5286144
413|4262502
470|7173903
290|5562979
9693|7872254
7743|12076604
8313|5025312
26|65482336
7635|51941657
4593|4450069
5851|21473177
4363|6680349
7781|3927025
5565|6700000
8263|8953157
3651|35207528
1475|30128421
3891|8289887
5355|2520046
517|15800319
4751|13134786
815|17345898
4169|2216457
519|7861006
5271|3103525
8741|4576051
702|1430773
7081|4260298
4717|1728491
7689|9981460
1549|62980012
5425|61593742
3209|30544763
6263|9011960
296|4870803
9287|20396896
6517|1902687
1097|6415135
1609|19909280
3635|11835529
6203|10852242
7929|15522098
8115|4389316
2245|9337220
3623|11840650
1865|19925514
3297|8667216
7413|9133442
22|15682788
427|4409632198
248|11852901
9821|14310525
5057|5106625
8491|1824772
814|5070496
2365|5147707
5917|13140896
3101|4587355
50|3568198
9461|41758048
3031|9229870
5357|2743209
5183|2493598
7977|13349819
360|3290308
7315|5058155
2387|6773651
4571|8045095
562|20511740
979|13684107
7693|13079138
6363|6044236
8425|7865801
3273|5388064
6337|7503167
6123|6550333
2639|5265018
7557|7010331
3341|25263241
1869|6907143
3981|4184393
6567|13362511
8869|39436452
6887|26439394
1083|6312641
8195|7368770
429|23686310
6993|3988832
2457|268692098
8097|66568376
8055|94283395
7227|6149269
6847|23314334
726|1393458
1072|3564169
5667|21789360
6477|1109332205
8165|15047001
6347|6146830
3675|12125011
7495|36220641
4297|444132
1541|31646764
8631|12614071
7995|31049534
6383|16084895
7549|16922277
1053|16457071
964|8672650
8965|9456294
2063|7169122
8599|164626664
3413|268754358
1104|4986871
7665|5938908
1883|8304944
2475|44691731
5713|16978596
7025|4840886
7565|82728375
7813|11902616
322|2956254
584|1108673
8761|5969640
221|17127287
1231|5063795
2107|5669507
7447|13195311
1591|26730028
6237|12559949
1519|27149628
3791|11117984
7931|12446634
2723|11525414
6623|10114475
6667|879832
8917|18320599
4267|40614970
7579|5815021
8643|10079642
8521|6230452
2775|13339583
7453|16177890
9613|22078420
3899|8038158
4143|3488702
9385|87571145
525|15536652
699|19771369
6861|16064788
9245|8435257
5279|3106214
1389|13711634634
1839|17585460
40|51318581
9869|2603779
5185|1576884
3701|5300159
3201|10011967
2153|7784394
2535|6254746
1079|6498600
667|15578993
3269|1677994
9443|4955111
1459|10194970
5479|19278977
9135|6900618
1807|8390844
4277|5544387
9903|12029488
8481|7750759
8217|10594018
6043|5368116
6509|19234161
3299|8295035
1078|5178412
4493|3604776
6505|8395622
3271|5062009
7825|24533544
826|3589203
316|3387299
9545|6861624
2615|32432374
8763|7698206
7889|16325377
3915|12099808
3771|6025420
9855|25339472
6081|3934888
3025|4582522
5115|11356383
6769|18448648
5249|73669746
2417|7386521
7927|89833378
8327|362861297
549|9534548
7113|26659419
900|4080079
5675|13502730
8299|6376576
126|2332872
2029|9799402
4081|5224042
6911|3964641
9579|2504272
6025|7694057
5147|4849529
1023|17358427
7843|21758216
3167|8417943
2561|50480226
8947|15558519
2745|96806842
105|63523588
2565|14820989
1983|3495342
8271|22288080
792|2313798
1595|66162002
5973|9731170
9299|4594672
9033|30863165
9387|2565176
2185|29363605
5601|33632368
889|46289692
378|3541012
3213|18341118
6131|76614939
4015|4295863
637|12367062
8651|49646419
978|5723158
263|19849900
5947|4965153
9011|37858240
9997|20215588
4355|2707135
7339|3188966
1711|9474669
3437|13586055
9347|7042480
5429|4690930
1567|124259111
561|58819840
5551|5391524
2095|42108044
270|5941185
805|7267318
4139|1364764
7805|13941005
119|19160824
-2|271407881
742|9777326
8569|35964857
4359|43504358
3027|5903836
7035|9950447
6689|194802335
7965|10847635
9279|9695433
8061|30169317
5903|27749757
5151|1689939
4335|4636231
3657|3236703
6839|5189261
6023|3370950
3081|7717776
9655|3570013
4757|2568500
1184|7523232
6219|146779781
9101|15099784
7343|4185253
1905|27245141
9283|1585758
622|4751339
7873|6416904
5823|14858001
8383|42947331
9665|15610645
6359|8283486
2093|6390119
2877|8210375
7253|8193978
1008|7399186
7737|12156296
5511|4892086
6295|28543567
992|4023036
8673|5642707
4187|8229281
661|9965061
3283|29870987
1112|48203357
2333|21349486
1038|22742518
575|9517902
1529|131201647
9185|88365275
393|21044202
1105|2303263
759|1826632
4375|20826017
3591|20202998
1825|8972889
9177|21873738
615|190956921
7773|4305360
8747|8396062
7719|8602005
639|9150583
5529|4536543
1162|3298249
8255|5351810
5705|2158579427
1030|6899474
5167|524338
2673|24017656
4311|2445748
4681|5882454
8081|245214898
627|21590521
757|154933217
5515|2197259
5539|3649676
8085|34701905
2241|10553874
65|3990057
2193|3908858
8803|5516297
9929|51369836
4871|8364391
8135|18231277
3053|8611048
1249|20325349
6791|4443471
1329|8747649
3511|10442586
4921|173099308
4189|6621932
607|72383198
1397|6503223
3459|7160298
1803|16029093
9463|18124554
9501|3061697
5161|3774032
7553|9392932
3599|7291812
7809|11755976
2445|16164888
772|3579643
977|18929845
219|6008701
1757|6581940
7747|2880148
9481|16034297
7219|1583278
272|3024474
522|10024084
8805|9005848
9285|6243944
8637|45203795
422|4650994
6733|6399460
6009|14652357
1981|757184631
2687|13071383
8895|13999716
5067|20799878
3107|8439940
7725|15208484
326|8268888
1743|8626302
2831|11096822
4071|1901625
983|7322416
4967|13733520
3139|4538467
335|2709960
3845|9221516
3923|8088968
493|35112703
1077|93639824
74|6021273
5259|11696074
1501|6412177
5671|18269415
9877|8090759
7341|13527765
8311|32816170
8793|8793185
5909|76076270
8697|5970442
4781|2521495
7319|6157772
5263|4503229
7235|2568265
753|6483940
8471|4683119
96|10120625
4713|4861573
2595|9074674
620|3404815
3047|3078240
5673|24465381
3569|13145594
2707|28038813
112|12014526
5789|2662325
3337|4353137
329|8529913
1759|265965666
7333|6798254
4051|9713976
4697|7697685
7303|9639360
3309|6798661
2903|17643856
8513|9155362
3559|3262301
8075|14136219
5103|3069212
734|6106458
4351|3129778
1891|4742572
4067|14674823
6859|13948901
898|5293372
9605|16572898
1024|3546522
2221|16505617
5589|4733676
5709|17341348
748|3594243
9947|6783775
913|3562510
3705|12098861
5759|1990379
2055|14438324
92|2070075
3181|12927650
1107|6112189
1088|9102356
1919|21083021
646|5683902
903|33161264
6745|2941925
2677|3534484
2047|11419905
4427|4062115
9253|5774084
6547|32044545
1795|7438684
3063|3296837
1707|4950056
225|29552067
787|6666978
2223|16490033
7273|10874014
2685|7368254
9095|69239997
580|6208328
710|2902957
7503|23356415
6889|5993947
8985|144498716
8187|9412818
9493|1961435
8709|4403626
1190|5850672
257|18167681
168|16169646
847|10921911
9455|4801972
1229|15286124
7099|1240110639
4879|9604942
8699|6530879
6485|3172589
7439|17880317
4157|3445825
5397|35423711
6047|1708195
3169|61021382
8453|8977064
4123|12548173750
3525|10215213
1042|15944234
7745|106153353
4911|22844448
3619|2030205
7427|65369661
2763|18172556
5949|3681735
6079|5661142
4825|4059586
379|9659741
7355|6358919
4739|6774466
732|5944492
3259|2487131
7815|6782063
3497|19154172
604|3258855
6793|18484169
953|23563436
8449|15478660
3409|8782246
4181|5647737
909|17161689
499|3272082
3505|8650460
3843|2940397
3979|17705219
8893|12790306
8433|2934283
9565|24795443
5563|4063155
8577|17635560
7947|10591774
2807|8654849
1009|16744825
7327|15495104
44|6559027
5383|9896305
5841|15444387
7301|3213109
3903|9512244
2041|25960707
9781|3535093
7603|5533018
2501|21974101
8607|10010231
7939|5940377
545|57034060
5575|2702559
9251|3101291
3911|5880318
6781|5087268
9557|2610631
9925|41793316
1859|11165850
6591|6860000
7535|5858716117
1059|6276310
70|41794471
4775|12743463
2123|9992506
2257|4510776
495|44363125
506|3595357
5741|10260424
3857|5612464
1575|7722068
2575|12461764
7481|17316954
8585|34287517
5281|2557763
8537|5482769
3319|15272752
9591|27946288
391|13383934
3637|5952428
259|14865033
6171|4332092
8167|21888523
7255|7903032
8231|8356111
452|6345763
5729|29521247
3123|27721856
681|37967916
6481|6916785
5237|4176270
6041|16497159
3659|13127510
3783|7418553
7759|9919717
2411|9371866
1735|10043053
3433|13546657
4909|2508121
8751|13887867
7837|19039710
463|10981283
1279|15613848
9953|5731601
649|26820915
3431|10035885
7975|11210378
2061|8709777
230|5607980
8149|10575858
1028|3403971
9799|3502199
120|8963974
775|13834611
6075|4430597
9067|5279856130
8789|4988113
8073|20653581
1739|16446196
9623|4023213
6293|19401384
6441|1846406
3799|5096491
1843|8741927
7923|10350977
364|6287156
9|159103878
4435|6919692
571|21228137
741|17875389
6495|15397590
4165|4718974
7901|8712653
5993|3840155
3149|12965186
5253|9220916
2939|4988514
7515|23269848
9051|3928171543
4581|26016367
6319|619505
9661|4947394
2825|50943507
6619|102645276
5711|16953605
3147|2666821
836|5417721
2771|7297001
940|4664358
1753|7195544
6649|17897431
305|105742821
3833|29576918
1655|7947846
971|26249817
4813|10517178
7627|7350461
2997|5509392
77|64130264
254|4202298
7915|8463114
2573|46433619
2843|16146568
7771|24864531
6661|5405333
6785|3015307
589|35564378
7713|4348875
2247|4811017
6449|22368975
9767|4252609
2537|8325856
1180|2833681
4979|1924187
8397|13315038
3717|3588473
280|5004752
1483|12024758
8665|7951880
7697|5187974
3427|6297086
8295|31042470
7403|3995200
4191|1184151
2911|96856421
5607|12856867
6679|3879024
4439|8076871
719|25307698
245|30774822
7859|14049780
7365|3982052
1725|10492791
3863|29516694
6483|5461751
392|1315703
4097|5737518
1453|93999472
3837|7355387
9921|13619245
9523|14346051
7605|26426796
2881|33140984
2543|27694586
439|4300568
7661|5809673
2053|4031883
6751|6223907
696|2027788
6605|13372882
2115|4516093
8769|19148232
4269|11042549
4657|6720693
7141|8290405
478|12009772
6215|10683756
6085|16373290
38|20596476
4155|13355926
9289|35864370
937|145106698
3481|31214106
2343|22461539
8109|4991623
539|15247722
4251|14751777
2517|24913127
5481|15129826
8113|15218265
312|5231951
6121|2854663
83|2722703
4377|5506890
3243|7920449
1017|7081300
7357|9307087
235|35004944
146|32878666
1469|39428247
862|5892858
1175|20580687
7497|18359087
256|10880301
6277|9154923
7189|6207580
3553|2628296
4663|8691720
356|3649610
6961|8236136
1601|10863303
7555|7315167
1665|12763429
5335|6469447
4293|7845369
3411|12362955
3157|71130649
6569|17978701
780|26391708
4275|3931505
5379|10662255
7133|5724808
6939|3718218
1301|5225572
9115|22326747
8333|13826032
5621|13369529
2973|2958825
169|12916960
3565|16441675
9589|15349677
2199|13893983
438|12089999
8959|40367672
2293|11345916
8427|8907074
1975|44300014
5213|20921429
2659|2382553
1060|4633013
2317|9976242
697|37050263
8531|156019813
8875|9478705
7347|3577342
2413|27021685
3239|6590618
5583|3283525
3515|339368645
5599|3840844
7461|8083273
4707|3996095
1643|14204913
666|4557259
7699|20701846
5617|14090794
882|9943047
380|4587764
2651|8140264
8415|5664168
5015|3437983
9617|12894341
8487|8085124
3905|9724659
6941|6944077
1333|26976178
4001|4836452
227|14262558
4501|3066192
535|347875132
2255|8470705
9371|33782277
993|13723475
6551|174922676
629|29000750
8967|9229497
7803|2537994
2033|12832379
3615|8483511
1537|37298804
3477|7987746
8717|14218516
7485|11340919
6245|4394213
9003|11688406
5017|4075045
6599|3188674
6367|3221760
89|35006205
8213|13098900
389|12213415
4207|3355310
3165|26029635
4835|14833484
424|6001379
330|4895530
3815|9549078
3781|32756743
4303|3288506
6829|3583819
5905|11228046
4043|3194533
9415|9818407
6821|5379501
6399|7686409
3035|1866748
6617|3451739
1357|15484638
2553|2548623
1687|5966567
5091|306757263
4683|81480987
1071|4078192
116|7473102
1004|6652346
5179|2547862
8565|6287102
6119|16695042
3183|15830494
1076|5750152
6659|3144370
9147|19718996
4731|2612964
8951|20991803
5779|72733625
176|8782436
5207|17377019
3277|5271628
3737|4776877
5145|2635925
2851|16980763
4897|7164599
7381|4706946
960|2199408
9871|44358182
1174|9080589
1251|14868683
1183|5635208
8735|5533009
8629|15577419
1923|5840344
8689|10772371
1337|42440624
8581|20061913
3939|22180698
4409|6620880
2355|26121059
5545|4656946
1717|7677059
3715|5914304
9359|11978667
86|5382643
8307|11347710
4791|20358963
6627|2896284
7425|45431088
1745|10499840
3281|31937886
4745|5822498
8837|6700238
7727|11391606
547|5953436
8047|227355508
514|17639740
8175|67066621
6719|10360370
3245|6144955
804|2577066
7299|11381927
7883|10191935
7917|15560506
2975|2151162
5093|2015951
4021|14946749
9747|3246819
8493|6303765
9883|30273176
4429|2704570
3893|13277488
4389|1892382
6153|15674220
2869|16085391
8591|29451175
943|19533383
893|7395177
3689|11766328
4485|5975829
8979|62678242
5385|30284119
1040|13747665
5699|201312098
1073|32598754
1367|18940502
2641|15634451
6943|5543376
8847|77124795
3291|8094764
4085|9377755
4233|2119052
6339|7243978
6691|5803825
1010|7525348
975|29003279
3177|15411798
9405|12255859
2261|4666554
7231|14464799
160|13910905
9943|3327066
8089|99913653
4629|2691137
1098|6133457
292|5294182
3479|6680625
3871|40324385
9641|8831844
4371|764316056
7029|12533542
8557|14101344
9755|14897672
129|15685351
8915|16042720
9377|53059574
4695|5170481
2393|21942718
7879|9579200
915|8593969
3017|4202343
3011|4353085
494|5620337
6881|6983718
216|3580253
1068|3425335
7611|4207006
1583|34296823
215|20145007
7155|6392297
795|15765549
8365|5448296
1957|24115363
8359|10430555
4595|85477279
6177|11073638
2043|6946680
6831|4611176
4549|3330235
7157|139040742
1267|23401541
1853|8373962
295|10696738
6969|378662161
6817|6285297
8929|18195027
3961|8813767
3317|3583415
6467|37164957
67|12359607
4523|12667865
7033|22284208
185|5943236
8695|5919310
2403|9093552
3293|4835380
3645|8766052
2183|10427143
9805|9389298
9901|18213204
1173|7310393
2473|16359852
9311|38460169
7893|4352121
6291|2515945716
7869|13312115
3289|9478321
6597|38720709
6283|3432482
1509|13606969
504|4399981
516|3668091
8345|8652700
8107|24697610
3617|8591171
1925|9275414
3751|9232202
7547|8985527
2693|6856131
1481|20306052
4997|9820041
2037|16425757
3013|2706286
9131|55161179
7581|14845371
6355|1642532
7147|3935012
428|7467457
5203|2566216
8815|260608730
2913|44326414
9923|12792951
9343|13061232
1377|3869043
5353|4744931
846|9833948
5121|10977869
9107|50543601
331|7648402
1154|6131423
7089|21776834
454|7805871
3501|9073928
6893|2736945
6487|5474899
1455|65018943
8015|8559684
1409|39339726
5023|42571163
7101|28575479
1719|30551283
4845|435585
5409|8487323
376|6774099
7943|8195636
5795|6402187
7599|9638807
5743|8172775
5039|11661956
3389|4498716
8859|19127931
3347|9515092
302|1890769
9327|6661468
9019|15298676
9815|14706778
7601|2986177
2839|2795444
442|4513695
9393|18535699
400|5029930
2823|2693924
7961|3809874
212|5805174
6205|14269346
9507|4128357
9535|5297337
482|5549972
3023|18901801
8077|6340406
7891|5347883
4655|1708053
6419|5384275
4113|4136868
9479|4145855
4315|14090244
