CodigoSIAFIMunicipio|ValorLiberado
2831|7323677
8717|11868454
3935|4521671
650|2459625
8829|5631053
8359|8642555
9861|6704142
425|18388586
7435|31542911
6387|5607949
2049|5809489
1189|2464535
3691|20035569
4139|1167044
6087|5489983
4887|2138823
8205|24629877
6653|4577973
9873|16449068
4877|189658234
1403|3431740
1979|7249069
6907|758247
2313|8983849
8175|55234617
9121|17559718
9507|1959260
662|15165575
6731|7899736
3369|13927269
9125|15152107
2321|8189134
2277|4630909
102|1857671
5743|6494767
1569|36619144
697|14509033
8|17196729
6521|190973183
748|2195823
892|4391389
2045|4980271
165|5719143
3327|5058246
8259|16228255
7903|6662659
8473|3619480
1717|5949865
335|2170360
6073|11941716
8169|3955717
8889|5182883
6879|7293298
141|8120562
4703|18015714
6249|68517529
3777|1585383
158|3459015
8201|2509520
8695|4294294
30|62261110
8977|8159926
5367|8315579
6871|11408339
3525|7597008
7245|61388303
1151|9136983
9029|7000855
29|76834962
814|4514070
6617|3186115
3363|40317536
6209|194587098
84|1188525
3577|7194812
5605|12868515
134|19770208
2803|9182834
2209|3569905
4881|9517193
470|3945713
1117|2543845
2957|685050
1947|5963621
8639|10935540
1585|138174395
7723|4345723
1855|9757057
3081|6008280
856|3251160
3361|1904305
4239|8038063
1237|10322528
2113|1720555
9571|63906014
6231|5826633
5941|5742093
6045|3547117
739|19989278
4815|2649600
1223|5211663
5843|26769244
9753|42596490
615|89367965
7493|130845610
7469|8128880
5567|4496047
3357|13419161
8919|16414814
1401|24818171
7323|5121852
7231|9867987
5571|2328608
306|6217501
9691|6325944
8183|124548808
1079|3620485
151|19152634
1229|13151312
504|3416247
847|7928086
8863|45958839
1369|26054867
67|10052357
1525|8391226
5895|14742563
3429|16317460
2909|56060190
2293|2674200
9493|1350490
5553|6739740
323|4248896
6315|10714193
457|18878324
2223|3777178
8773|29680207
5531|6841324
1691|8710972
6797|3620692
1773|2982281
8103|7587119
6053|5971861
501|11667256
144|4106018
6547|19158196
626|2532672
578|6143934
5383|12034134
9919|2437347
6649|12205865
5663|23656516
277|8399779
7621|4558601
468|2048219
1187|2990200
8471|4131023
2403|6549139
993|8733196
6753|8376747
8995|7509032
9471|10800228
2377|9953967
3751|7390636
1619|13648686
4559|10914960
2841|12130966
9599|26980559
239|7904299
2007|3966890
807|27494911
680|2784489
2325|8679156
3217|3261081
5441|8144440
1517|8704452
7659|26615339
5985|9445043
456|8119901
765|19759227
1661|12911941
4311|1375248
2251|7496176
5425|28720295
3401|6232361
4327|1558914
3331|8527406
8015|7070815
6381|6481739
4581|18248698
3743|6962140
8131|17921752
3569|9693866
6565|9272654
3177|11876836
9781|2786345
617|23096941
2257|2896461
8445|5314172
3233|57279919
5909|61354529
1553|18667840
8839|58662806
9389|10742315
832|3620847
1148|4714431
2395|12240890
2397|15251024
149|22376391
575|6111615
1124|1461350
7053|5798629
6133|6642901
8237|14753963
1925|5979448
9093|21040850
6757|3569345
101|2723342
6793|15010479
8001|45241322
4291|4141698
1589|21583339
6245|3843497
8955|28439672
5955|5892980
6039|14966678
672|1105922
232|1459860
6853|11754132
741|15506200
5037|3392786
912|7180611
7233|36153761
3877|5254022
7163|2434618
3433|8820530
4491|2718554
3631|5876291
3645|6240487
658|3055513
2173|3809009
1160|777194
9047|84156077
6695|4189466
5419|8231578
4453|3019902
2483|4485050
7749|24837696
9597|5179765
2385|5497114
2001|5406233
2279|9820560
324|3998572
1417|12923255
8397|10200563
3651|25972167
2183|7332029
2263|5191879
596|4378292
1645|10710294
5927|4248406
4831|6111069
4569|2039863
587|17024309
3407|14770897
8635|15548979
272|2120410
4061|1051796
4173|3446178
867|7013067
7479|2402724
2327|7907406
8879|38615088
4803|2560018
887|11758253
3059|2631093
5325|3811040
4577|14748793
5979|2644889
7689|8054690
6361|18164954
3127|9950393
8751|7061773
3625|1205533
6497|3470759
8239|8627922
9215|13896637
4863|6716146
2267|18090480
3963|12074475
4159|5143875
1207|15366809
5529|4049179
6509|8637470
1099|8381479
8963|26725073
559|19336166
5073|3177925
7427|50766664
817|6549650
8515|9801081
1911|6747744
6451|5261751
1068|2743247
5579|3478059
1499|13450517
3455|7104001
1965|36324835
2231|6239310
9005|14153573
8101|10128470
5549|6454231
4341|2198418
4739|4556058
1431|10306245
5695|7448391
3215|4036008
3353|26922179
1597|17516342
9945|6998686
1146|4871958
9933|6439376
8787|11672230
393|10301322
2269|5031375
2557|8234004
5737|6966414
1457|17012542
989|10699858
7787|4702392
1663|7307271
1633|6050652
3473|4910833
4001|3679988
3163|13183271
4723|19916361
9473|12443296
4861|18909683
27|66006652
607|53792214
6019|4554674
8571|12181892
1201|4275002
9537|4769689
1047|1588877
9805|5127838
7827|5719148
7067|660070
6129|2123840
1907|7732112
8243|4566822
325|3387605
75|1220198
6543|32333567
7829|9015686
9405|9202940
8909|16658854
8933|16935576
7607|30659032
2005|2710160
3923|5615279
235|30161346
8991|25054439
9481|9922095
8219|9615037
5411|5815974
962|3599800
2105|5347513
3167|5506811
65|2821523
9011|31494997
3007|7097521
7715|2165167
6259|9962807
1677|2320823
4709|8203416
209|34293695
8189|8271688
9439|8258852
8487|6793479
8509|8467171
3293|2462133
1721|7236317
6031|2672650
579|10808166
188|7061962
9685|19754765
6687|21383699
3629|14408893
8705|53261189
434|4652411
2265|4499872
4441|6891206
7851|15167756
690|8573678
2057|2700758
105|48564311
351|7911814
8699|5510920
1967|18154984
4185|38938230
4235|15208178
1847|11779367
3341|19114187
2371|5558843
6441|1574059
3731|14085336
8685|5531219
44|3791325
902|3230575
6295|15287910
5043|21028073
1089|5488488
643|23325763
454|4383321
550|2456740
2885|15244301
1565|18836393
1471|14881303
8877|163070430
52|16624860
1941|7295460
5403|251787200
3915|8903798
1577|13001706
206|9603517
7847|932422
776|14791216
7459|5918459
4459|2299753
901|13464782
4673|766520
123|10121559
2781|5015265
1833|7482105
4451|2634830
811|14950019
7537|1188045
7263|2888763
8063|2603416
2659|2159091
689|10790059
7873|4431741
1116|40441396
2453|11577619
3733|5271010
540|3238528
287|5339167
4763|98706255
8111|3809305
560|3775357
546|3652813
4639|1703467
8599|137833036
5837|88660807
5903|13864979
8327|251254821
5115|9061319
4145|13505666
5633|15476767
4909|2288121
5121|2271606
473|28152834
606|4028976
6125|4512034
664|1654328
4821|2568421
2973|1999640
6689|95422937
6531|3178098
261|35423170
5271|2420409
446|4228760
8941|15460648
9721|2430639
2991|800204
1|23993316
9319|5758223
5769|9366314
348|8195245
9485|3924914
3819|7331290
7675|6226703
61|7410133
7953|23866265
82|2496409
6985|7257201
4507|2671027
941|23784900
246|2745785
5777|3972337
7249|1993786
3667|3444758
521|3106424
8703|9805436
9565|19648708
1559|159409820
2673|16638727
2543|14876268
8421|2964211
6779|19769222
2919|27769597
687|6714754
5233|13255898
8665|5110504
9789|15215850
740|1415002
1164|2321950
1683|12580816
4929|12611769
7485|7676142
163|11081276
9765|4111054
2367|2623030
7293|5422900
3873|28962361
3837|6054467
83|2318487
243|6163679
5105|1862558
2307|5816990
8743|3427344
514|10758176
9643|7300337
5841|8413841
7475|10813177
4363|5770015
4691|7758305
1725|7801338
25|33619375
2907|2788352
851|17630659
712|7196853
9149|5181962
6481|3914353
4927|1654122
3753|10491547
7045|1523327
3549|10261749
5561|4905981
5361|2820972
2193|1578767
6857|5681957
8603|11471883
4419|4799113
8823|38224361
9079|16323185
7947|8995797
3153|7145381
1953|2489322
2733|9313251
3291|5506214
385|13508444
6863|4747742
4841|8890176
3035|1135935
5145|1360110
39|38596505
770|10600604
5967|3794727
9509|16642575
291|1984536
1048|10559363
3687|4675585
7931|8161760
3745|5940177
3319|10656936
3547|25128814
5211|7723367
4399|6690761
136|3770905
9969|6420061
7421|5448087
9201|6247280
1821|3873939
3579|16341980
938|4094219
2721|6688815
2203|5939885
9169|6462311
8329|11979031
4607|1237518
5873|1139628
7651|2032940
931|3067592
6657|3237987
9741|11388014
2701|5733513
7341|11379098
545|42044415
6|7525505
1951|9446048
8195|5417359
4191|860247
7571|14992239
6739|5611149
1271|17333713
4585|5409017
8757|9930720
1801|6537259
2971|2602339
3995|7643757
1809|4951009
2553|2260101
3427|3618698
7915|4840992
9269|7624489
7315|4695387
4689|471794
4409|5708111
6265|2988541
710|2032132
2443|272006227
616|1111289
8997|6831152
3511|2469891
7955|12764671
2059|3492718
3943|6064317
2795|3464092
9157|21205998
4791|16314939
108|9473403
1373|102704287
8841|431537577
7331|5314522
978|4771489
5861|15676457
8221|57839488
7545|5298417
9609|12421255
4869|21329654
7573|4199042
2725|7459146
4487|1349440
8477|6548135
1098|2808668
6283|2194134
256|6152781
5103|1060644
5507|4283328
522|6750260
7735|14554014
8817|19882612
9199|11395533
674|595992
9589|6736109
5847|40430984
642|1756247
8961|3912239
9085|12580615
2347|6992662
5263|761447
4483|6782665
5981|5846268
3747|11031793
5867|46599090
359|1201425
9185|73901638
4541|24576035
7817|15671115
7755|2489921
6145|16324673
4465|2011912
7317|7586632
279|4238426
6715|21171640
8281|4539463
8325|17741156
2817|5887151
3775|10203514
6417|769465
217|31471502
9827|5252310
2947|1940445
7897|11906882
8569|28293635
4981|3615539
3015|1234775
167|5883180
4221|10819721
5757|13998815
8669|17446353
4169|1613747
1087|9107628
2539|4977722
5127|4281917
4683|40901057
9557|2080634
7069|7402407
9773|9054387
4249|3791492
4719|4509438
9233|23382458
983|3614150
9961|7832270
2345|9707161
2551|18390757
6969|269168153
7335|3031102
7235|2188270
3437|8099512
174|12079114
714|5715931
591|41178143
9651|8788056
6235|6404229
5805|11275476
352|7816269
399|16639605
2679|8021061
7959|4368687
7063|1602317
6051|3369886
6717|8112521
8245|8569953
5693|16280743
6933|6031818
7099|950448380
660|12363759
659|13519520
6755|3595052
3937|7312447
8483|7080352
8453|7154468
685|20469625
6489|5187311
5213|10312593
3927|1294011
806|3863634
450|2690016
6795|29432264
3371|6476125
5101|3171156
787|3912738
4437|1797931
648|1767263
7679|5443229
7397|3903519
113|11954622
3279|10222987
7467|8787940
2415|2025009
5351|10750579
7961|2962550
2989|2365070
317|3290402
3891|7229163
9747|2412441
337|2528720
2117|92015698
1196|1729809
1895|5058556
5327|1557538
2619|7903873
512|3761317
6279|881822
1845|7167152
5593|7258703
6727|24696907
8091|5943026
3365|3834730
7641|12311350
7009|4674758
2369|4489440
1419|20019865
6033|5904437
2155|7703539
9395|27774154
4833|1680573
9177|17643359
8513|7489005
3351|11141533
8501|15796425
6373|16311673
6085|11062466
6585|4642027
5031|4448507
1955|5022292
8595|13430488
320|2384778
7705|2454923
6873|9057246
883|6603487
7465|3562400
9353|3262126
4679|3716446
9925|22358196
1919|11971541
6611|5158729
9545|5769717
720|1655853
5429|3670014
9913|8201050
4073|7207881
9927|4165184
3491|5130497
8643|8343637
8625|13651093
9401|5686612
9985|3581080
3315|18564595
341|4855742
8141|6110159
961|41475589
2687|9047437
5629|47517972
2067|2610609
363|3044337
8985|114934966
2549|17085544
2015|5574353
3259|1639422
244|3336000
3277|2185121
6329|7550515
8927|20092439
4991|3364976
6195|5773541
6409|4846532
4825|3211872
8803|4294552
7457|4911208
28|41473553
199|8135773
6371|110638567
2513|200219929
4737|2354091
2703|12077881
5257|5390255
9631|4728929
9055|25417962
3479|4625439
981|16005770
9133|3365489
4977|5482738
8747|5907010
6047|1514320
1231|3927830
5359|23040902
6929|60319800
9731|2902259
3309|5365940
1337|29858769
1011|3909723
21|15597109
332|5150698
4297|147138
9001|1987435
7543|3220560
9849|6643588
827|5354983
3109|6903754
408|10884111
3095|1818579
5765|9118839
2787|10666007
7309|6194706
9527|5121768
4849|2240551
5297|2666194
2603|5487483
9759|6593681
4889|4932184
455|11251254
7041|1336816
8853|41302191
6109|7379492
2499|9048835
9915|6119239
3969|25390548
769|9576992
9179|8349045
2219|2729125
7747|1712086
1084|3090120
3373|2995247
2109|5589149
1335|5005335
4685|755049
4321|2824934
895|13656516
2997|2141324
8683|45192259
368|3692925
8775|7809904
1185|1667215
8725|13464010
430|8195848
4015|3986026
4983|3167295
1132|2250582
4201|1349190
1065|8425311
4517|12696154
1803|11283782
8077|5090890
2311|4036581
7631|7219110
212|4097122
1002|2536845
639|7003098
2517|14834816
945|7243272
9355|8828620
5885|12140447
7913|8230734
7979|6217433
5929|7033318
9595|49092898
4263|2041622
224|2294160
9669|5503301
8527|14464317
9343|8519984
3913|115877435
6035|2722979
4151|2772611
7003|1336110
490|5896524
2743|2516965
6343|7539236
3461|8869558
7017|48829195
8859|12656854
8379|8159010
8461|22297289
2063|4434896
8223|4161908
7589|12681605
8957|22885525
9511|11599431
4301|7794890
3459|3139217
9647|8563011
9325|32797913
9811|6581058
169|9598160
394|2743260
1813|5892935
4911|17390451
9667|5979116
3917|6202822
13|99835340
8083|29599643
987|12286849
1134|10916488
4967|7000329
2537|2536004
9245|6757273
6975|2690520
4065|606879
4853|10745323
927|2715171
2651|7144414
1519|15406546
4449|1100386
5831|13184439
1109|11323582
9403|8828000
6237|10735726
4525|699329
6207|7253756
3641|11304388
7121|172987068
7997|6139756
6041|14648447
122|3806963
914|2193456
4807|1546407
5129|1941009
4181|4048729
5995|2430024
1943|6495418
7627|6745240
227|6033703
1021|12497292
724|2793141
2609|1602418
9715|11310773
2515|9429623
8297|4353696
5019|4361177
2411|5464339
9421|6867203
2863|4242462
2447|6028044
4615|244357
294|4112299
245|17481858
241|13695962
5753|6152933
4587|3053442
6189|15722758
3649|9415508
5069|5658182
3697|18926149
9967|12016562
4701|46154767
1111|1103526
951|11988411
5745|2682808
6205|9545884
7081|3433018
7809|10657681
9091|10800642
7137|9433387
3101|2496715
190|8066806
4323|1075680
2811|2526396
4951|21338803
170|9199082
1583|25419302
9253|4838149
5125|1060120
8659|11984829
4049|3932006
5015|1700093
1012|2701921
8311|22606372
3323|4786490
8591|17003103
7379|6659602
3895|7633181
2195|6781076
9955|6107490
9683|5841163
1701|9214989
667|10657355
4233|1233440
750|4862047
7781|2207716
7107|21022198806
6665|8654404
3375|8682642
1389|9994226507
7693|11181304
8493|4564222
4467|2412200
950|3857276
5725|21436254
1811|12198908
8459|5895034
410|4787471
9569|2642532
2389|12724678
3487|6267263
655|19605303
286|2468629
6919|5863254
284|6818112
4519|3830686
9795|2663694
1827|14111078
3909|83663042
1789|9189766
296|2272532
1793|8016310
7145|41725061
6267|3209405
6541|1358524
5501|5789579
5291|2769904
9305|6986126
2927|2605271
8727|14730661
3223|7698423
9837|15799072
6939|1180562
5497|9273806
5499|9348764
8973|7582068
9301|26958126
848|3524301
3173|4487202
2905|8199588
4919|8449643
990|4249490
1573|12465566
9727|10919092
8339|28026509
355|2583844
9521|2885531
4405|3423995
3785|2622547
6375|7562459
4273|13865397
419|4787908
7613|3043903
9937|48043113
8143|6449537
822|2198232
734|2205148
6533|1357348
3393|3037942
1697|10577934
782|14381585
7839|2878337
719|12831286
3343|3101584
7687|22797428
5493|6528864
3051|5885531
9229|12223056
4293|7897640
370|3586249
676|1893480
2143|31858087
7599|7588798
2349|6611681
7345|5584975
6077|8000268
9901|14960883
4071|1654793
946|3427407
5959|6396645
9543|16241869
6693|4918385
5669|13376981
3571|6401931
9057|19065007
14|6552438
6859|12001802
9087|13694791
1459|7051391
9063|109103759
5027|7941526
6211|3186574
6251|33559715
8257|3250436
8407|3663519
6043|4954366
9367|8167081
9661|3475262
4891|16751619
7751|68480258
5393|7483209
7031|2846294
4707|921762
8059|7844183
9351|8168285
7535|4443133417
6309|11040216
1171|2669211
728|3714556
630|2814098
9163|5966246
812|2994527
1195|8071891
8475|5800279
9591|14879384
56|8303769
1007|6587114
9839|7801550
5711|13938384
1989|15006299
1038|8523714
6603|4215226
846|7306056
8377|3032315
2133|5037350
5021|4482281
9045|12871687
4193|4875035
51|2296188
2929|10047634
2613|7437627
6679|2431010
9793|12245914
4343|1397404
709|2742552
691|10761715
910|2755802
584|690271
2087|5351857
6783|2116673
6923|7034025
4019|5650073
7079|495596816
9699|3821632
1653|9641028
4713|2328144
9139|18650998
4573|21126685
8551|8113184
511|7656830
3771|3790314
1327|3967243
7401|3730187
8945|4932535
810|3421800
6769|10327977
8983|23399306
2089|11573193
438|10644499
6763|725022
2199|11467645
7171|2988752
5365|1576066
7765|10486926
4447|2612931
5573|4587296
1755|9720127
2197|3809303
7593|6639326
3445|5389016
6771|10357489
353|3632868
7205|2001610
6675|2172902
9053|7834420
6345|6662994
2665|4673056
8585|30115095
4261|346540
4735|1252255
6841|1018976
6483|3720230
316|1962178
8931|16134611
5997|5033317
5273|9966321
7389|5954015
1219|3811509802
6813|3153084
2569|5125446
3867|3690220
4985|30857293
547|3458956
2747|32336288
8079|3882815
9677|32152613
338|2770559
1567|76199119
1253|52575154
566|2214688
7763|19051133
2093|4643484
4025|1616548
6861|8329278
3503|1972066
2577|40927507
5123|1475966
9383|5035448
7157|86124543
9561|8013007
5401|559163508
599|34922256
6831|1091319
6773|1696568
6765|3234264
7823|14011597
1104|3954842
2423|17245303
5513|3586782
772|1349323
1807|5460386
4079|26596287
1091|5908809
5199|2849673
7937|10511625
1829|13410415
3165|11443725
640|1943849
9373|3382819787
8295|26604509
9607|3800210
1025|939409
6865|8952827
888|7613093
3769|5479967
4247|1904977
304|5824737
8555|11046633
7155|5538296
554|6952987
9785|4050666
1251|9701567
738|2139812
9625|31822908
8317|33360893
6901|11352381
8577|11582700
3345|4116666
6141|20172816
1014|3718709
8737|18804484
4011|4297096
9551|5767162
9673|5079826
3773|13328923
3897|8566073
7189|3680020
7575|8617949
7643|12269220
7577|3311182
5089|2232735
749|3900692
252|1652514
1351|47179055
4505|2179836
9431|19180198
3621|8318142
5715|10257049
5543|8773543
1120|2495925
4775|10364644
8399|4802891
3317|1802994
6845|7898063
3085|11149292
1703|7410229
6171|3068307
1059|4091167
1315|4067187
6999|17389685
3663|13494135
4355|1967853
20|27973390
3679|3877303
965|7153990
2475|25587023
1843|7069976
435|36122106
6075|3598547
2489|4785371
6397|10788462
5705|1223276471
6021|6820712
780|13320696
3271|3296873
2509|4516142
8519|11128809
5051|3743071
4197|3864101
8213|8552622
5535|6626294
251|23437142
6453|6372267
1036|4871703
1637|5277155
-1|548002
9279|6895392
140|4478201
3161|3593629
4731|1982084
6055|1927806
3073|3839298
6071|3328854
2525|9181220
768|10155971
7015|5233030
7149|128009438
8929|8325719
541|5436745
7169|27446772
3827|11453932
9729|9352930
4563|4018045
7113|20375831
5245|2347838
3685|130459905
469|8017576
4219|3820344
2521|190127837
1333|19795506
3587|4622999
498|7868945
3247|26749543
5897|92202783
3275|3192181
928|3948060
6883|2329777
116|4787537
9287|15361527
6449|19917371
562|13700368
6197|660143
8267|19075015
1977|2348720
2729|5906716
688|6122652
3047|2050246
7179|2228149
7325|21465239
9247|14740854
8391|6535201
5625|67114596
9797|4351637
9663|7543699
9851|10152455
6837|1850138
16|8046767
7563|109197135
4289|5747498
5343|114791629
963|12128384
2131|6509331
130|10873176
3781|28443157
3299|5054604
7127|2284484
5829|7281112
4941|32780041
7369|12614966
995|1761580
3961|4987232
4277|3732863
8903|38728892
6925|2140104
124|5940076
6407|4253103
9801|15427050
4267|19386883
6215|9263874
2983|2484612
3169|43889953
3009|2312919
9285|4962131
3|1441490447
2857|1837678
154|5505606
389|11102670
7973|8471902
5851|8901065
525|5432819
1695|8478210
388|7070613
2373|5605694
5917|4477107
265|13392670
1273|10400399
9333|1518712
5259|9575609
7091|3471659
2245|6478298
5551|4372929
4135|1246953
1303|32216684
5739|1351175
577|8333067
5431|3540165
5655|5832172
5317|2484543
651|23411750
7185|1510651
6415|47824504
8537|3992926
4395|7471752
3221|3595359
8043|5818252
1225|9068570
8373|20827193
1170|4917836
5449|2975191
413|2562704
5131|6019188
5537|17813153
1154|2051300
3699|6241423
8819|7118870
3297|6233353
2159|8378190
2379|18118082
553|13727672
9193|34914345
4779|32986923
260|4716461
1533|7971334
3527|13809427
248|8304622
7893|3399183
907|10224388
4031|59695332
4805|3617665
236|10305970
1082|9982078
5075|224832
6005|11361657
1371|18993242
2291|3421031
4223|31510246
1491|12569463
637|9229237
7583|88962273
1129|5894283
8719|5310469
7033|17504533
6591|5190193
3623|6640274
3581|12986461
4475|4595610
3767|4830376
1993|11295768
1263|16914796
5463|4661940
2303|19177367
682|3583907
800|1076231
8381|4518003
3381|10574861
6487|4552874
1213|9101564
5457|4306302
4229|5959576
1515|31172020
2127|17522847
3689|4986941
6527|2677537
1203|4843176
2029|5843653
8095|8404419
5415|4571673
9539|12520693
5915|18004311
1857|9101681
6659|2679499
969|19633361
4103|1920934
1535|4660811
94|4366595
9013|22023990
422|1077389
3231|4044656
3481|18505622
3929|6450008
5645|21970367
2145|5589686
7419|7747186
7825|10341316
7669|3711261
6633|2722248
4147|13352659
3383|6643801
8531|96786417
3983|39154962
3505|5043112
198|2086363
1004|5487286
836|4711591
2437|5334212
6963|11133283
2545|11322684
6389|13479132
376|4629099
8901|58028374
5373|35748227
8681|67332099
510|4773029
3521|15657136
38|13184668
4897|3419790
1347|18902917
8837|3496805
1139|42070187
9159|18530734
6157|5566978
576|4753428
4379|1463365
7917|10800158
3063|2324537
295|7374174
6181|31555133
4245|11292168
568|1840274
1119|5969715
2821|16355474
7413|6286792
5289|4129854
156|2509247
7811|6326788
4931|1072898
9465|1622070
1105|1709149
2629|28197902
6569|13716257
2819|6289625
488|2711055
1183|3594037
1100|9698837
7071|148459107
6117|2903770
2011|6329818
6465|5644968
6647|4683081
8137|22851830
681|31172200
665|8050297
18|10826398
4423|6941491
6961|6555564
567|46902159
5825|44621186
2621|4612271
505|10434019
4601|10940388
6503|5027293
2953|4561523
2815|3586532
8443|2057937
9103|7674166
3091|4312071
8129|5181697
2589|21132806
7191|16747033
7489|14706883
4415|3904524
582|1509734
9089|10970472
9957|2257470
585|14595191
6303|7626390
259|5813836
882|8598184
7815|4421703
7361|5843973
449|8514911
1343|23249181
4055|3629902
8801|6560241978
2945|4543186
1391|15939051
6159|3928663
2943|12970641
1665|10904033
8745|6383006
7791|19567092
7441|7596597
463|3949580
5265|7156565
6621|4784284
7999|10974967
9907|70946861
1443|6229427
9619|15461152
5957|3738202
9885|10247848
1635|12054039
7445|28517777
4903|5296888
1797|9109075
1319|22611119
1034|9882019
7649|3924569
1985|5825018
71|2594911
4657|5623686
937|118048806
6667|680087
618|7283318
673|8630203
9257|17284531
197|2807204
7201|22142838
7429|5431235
538|3154719
6411|28727224
5907|10799025
998|4978948
1399|7853426
3037|2818945
781|11796432
2221|6904148
3425|8087898
4617|7203209
1709|10062114
9857|19721026
6079|4881499
8367|41689796
838|12999538
311|17643061
8021|6841064
6401|95522336
7035|7716267
7473|8955880
33|36524684
5883|39131825
7601|1816302
2739|4776177
2593|4947308
6987|3582982
9579|1623988
1783|2607940
7129|4760332
5621|9127390
4391|1493761
2357|94282092
1178|4344668
253|47095546
3019|3326969
6669|12454456
2731|9046409
493|24436655
180|5308221
205|18072638
8771|104147540
3677|11491159
9531|6720369
1495|22915770
460|11474283
759|782673
3137|5191781
262|11046983
8769|15650357
6037|3596296
6223|1066576
9077|8049964
6705|9607464
364|2586209
2635|2357266
9027|21691555
5539|2948426
4663|5998616
9071|7238224
121|19539708
3421|7815846
1285|11070667
6627|1784022
4785|11923979
858|9127541
69|7036210
7803|1595008
627|16677018
2915|13993615
6539|5236872
9587|3541922
3627|3239463
6327|6649043
2465|10521245
6809|4596275
1168|2228784
7241|2077727
59|2764617
6493|4463952
4969|11649503
9105|3779244
778|5121505
269|38160231
2561|22665054
7597|6879332
9469|5727394
5387|12119070
8601|10029612
3817|2842029
1221|9699753
5423|2568631
8653|17917337
9847|26720095
2993|6071375
9615|10176048
7645|1989116
7877|3830344
1603|33525826
4007|4831189
6491|5090707
9271|2883597
9525|7923711
992|3727892
5315|440139
1561|36885205
880|2534646
9657|2895513
283|73229554
5155|57281223
9983|23750794
4677|716233
1096|5291061
3265|7209230
4547|1369950
5203|2219007
7639|5545843
476|2063348
3639|15111739
1973|5572365
6703|7854430
7707|11428238
3005|4879931
1685|5464637
875|4307822
9653|13646063
4143|486048
1667|3408283
2753|12631833
1359|14614235
8041|5979390
1027|3992577
563|5239961
564|3224987
3113|6805603
1411|105652900
7935|72933622
4313|6152542
4839|2895819
549|6811029
1901|9035646
1483|8017192
996|6129555
7109|23366290
751|20522428
903|16145077
7507|12318058
2393|14050951
8053|16957597
5901|169632643
3591|15228462
3553|1638861
79|4297872
8759|5795886
4635|11453766
1067|3837904
3701|3717180
5397|25643255
3869|2280963
270|3154856
4745|3307052
1040|12207942
1108|2972507
518|4816472
5455|2117759
5931|2997153
229|5122486
6391|11388324
3739|32054639
2559|9494422
103|4741882
5983|4204720
5395|3178596
1217|6764334
3261|7044189
9843|51902429
1060|3020104
3195|43005283
5381|1488175
1607|5041240
9231|2132289
2061|4374097
2591|9485879
9637|9532374
8425|6679173
2333|13439138
9297|7547429
2261|2851421
8383|36985793
9095|39200826
8283|5770700
9787|12261406
9791|5270520
6135|6795867
2917|3502594
804|2167983
628|3537367
3241|20517618
5165|1738200
3755|4252121
675|17293390
1042|13410049
120|6565665
7193|570729
613|71487153
5153|6674294
6013|6789198
5657|18430062
9611|1936804
3965|127288647
6555|7519012
1425|5974180
8543|8040798
5719|8581000
3707|5139209
6187|3351636
6553|18921883
7257|3650464
3851|6921529
8865|11825263
207|17625545
6909|6226711
6511|99650945
942|5095694
5683|8159985
7625|2529968
6571|3570088
736|3306662
860|6873657
3931|13369268
2161|4833669
3251|12027558
3955|4863296
9475|5214591
3325|8532098
8105|3188387130
7891|3544673
2529|9272564
1349|33106302
6457|4567601
917|7273692
3071|10586200
4905|23835024
6165|69057507
5329|979542
3705|6027337
4109|3281278
5333|3289042
46|18329293
5413|37112394
9371|21651491
1169|7711211
2463|6938631
2583|5987720
9035|73170987
5243|3843556
8667|24284239
3665|8187387
9259|7789509
3887|3677381
201|4870083
1175|17890222
4305|9130760
868|10570695
6161|2297393
3865|15077350
1481|12195392
1781|9451130
2259|7983817
4539|5001325
635|11655126
8249|2543868
9137|15166088
6495|9024874
8177|28878665
242|2358568
5977|3692937
7329|10798401
6385|1826452
4489|830107
4309|7202076
7093|3025821
5107|1439306
2931|3761991
904|2972385
7321|2583775
9503|9945597
7703|2056883
7733|16968584
4003|6812012
6801|2732114
2249|6253782
4381|9286511
6819|4984965
3711|6762279
5205|3994802
6833|4791450
8857|5704676
980|4444103
443|16580948
315|59390659
9381|7644976
7415|9458665
6635|21208560
2643|8041727
9823|7422365
7655|4832830
7843|17939220
280|4030805
6221|17100604
226|2970409
975|24707937
3513|22123170
2695|3872748
1751|9227036
886|1213203
4893|3819465
1865|11042293
6821|3964837
9513|871576
7327|11631753
5195|15769929
8305|5262831
107|123728400
2949|4500030
1024|2817215
4037|25663498
145|48734854
755|5544717
8435|3868206
6299|3800578
6721|2575196
3053|7262224
5337|6089601
9107|37362434
2297|9339099
3187|9619801
2275|3791310
181|9590488
6293|12102736
6467|13255081
5627|18004465
5855|16084652
5679|6872316
68|4280665
1861|7266721
6947|2241798
839|4283516
7141|5559445
7561|5060815
6729|9538477
1869|4114683
2851|10221295
9855|14179067
8691|12889581
8097|58689324
4041|1862283
9745|5381578
9113|30430019
4675|23887522
600|4662540
2737|8219774
5651|12976800
1719|23575840
5001|846392
4883|3797473
4211|16216433
3123|23358530
3141|19956702
7115|16029883
850|3578404
4557|2724400
5575|2324644
4337|2184190
9217|2972771
1279|9007886
5735|6779262
5849|28092282
7899|6042639
9497|7019347
6275|7081521
8881|15279799
1601|8708292
5637|25542057
2091|3653756
2449|8647972
703|11280183
5563|3335416
3573|141976206
3027|3669357
3539|4969080
7813|9317846
610|2025316
4609|4573472
9739|12651335
4917|4969480
1851|4496376
96|3294510
6277|7194419
1673|2747610
4761|1575063
1837|96946812
9725|9752915
1126|1302388
1086|6560006
4177|4904137
1863|5385934
9783|15019372
6011|5551743
3255|4337283
6931|14829449
8207|5151997
6897|47269298
6977|2247015
9989|3064894
9701|49504124712
1323|17494782
4403|3294777
1363|22948390
271|4677872
3599|3122029
9049|12768830
4331|7305088
5207|14452168
9547|4560573
1121|6053689
3939|14323444
9583|2295793
6629|6999427
1503|5890171
2383|10598472
8765|12292210
8793|7084591
8155|3886405
1765|7187267
6121|2167673
715|3344494
2641|9098284
1409|27479856
106|9109499
8153|4690267
3171|9897989
2053|2155206
9719|13264443
6949|3498943
305|75260367
487|5596971
9449|9189402
9081|11554044
2487|13945475
8943|2996580
6287|6197298
6787|9299279
829|9994392
1929|2799240
1421|19831226
7299|8905216
5921|17822407
4773|4637191
915|4795349
5481|13224353
6741|4344687
4469|2767624
125|20608683
6577|1426186
6017|6269091
3253|2636103
8767|18953828
9835|16329816
1115|9073938
5601|23937606
7721|11021381
2115|2472277
624|4266065
1136|3103901
5569|4095690
1753|3897243
5369|6293090
6839|4445028
6439|6995289
3779|4588052
1991|6713031
6525|1877019
9083|9265897
9167|87728632
4537|5574289
8025|7732891
707|5310749
2247|3215983
3135|5073725
9479|2942511
544|4299727
4009|5226822
8247|3665970
6083|23968149
9145|2391404
6559|788857
2181|2338928
182|11989981
3729|4166725
6015|7486837
6823|3870669
8241|4979939
4533|8710123
9129|20908255
159|9492722
5005|1728358
786|52095876
2935|7570196
7861|2190391
1174|8570603
3419|13099817
9451|4983838
4693|7053641
5839|36854373
4047|1389583
9211|26349802
717|9571903
2867|30467179
792|2254450
5435|11273099
6359|6851040
6601|40172755
1039|6358669
2685|5539827
1162|2939465
2405|10602941
6271|9296592
9993|2668987
2749|3388985
313|36920705
374|1247678
1085|2064800
4757|1969680
1769|8785260
9411|2222101
8925|2400918
9567|4149578
5063|2062369
4527|1538237
7451|5138203
1180|1630931
548|5144859
7355|6256135
9939|7144631
375|2959157
9921|11254956
6957|1529604
9219|17560384
1643|8681861
3611|4648990
3617|6554877
2335|5334078
234|3665779
9735|2819642
6179|20370449
8395|10022208
6455|3654860
523|16139466
4817|8371765
2017|3633074
8301|8035708
1841|10645426
1713|5884599
9959|8629329
4837|4524275
1987|11486290
11|35373288
4113|3047611
2799|9305604
131|72297556
2571|14012831
3559|2005372
5517|7426761
254|2852081
8979|56136177
7147|2511401
2807|5118174
433|30799932
2709|30606487
6025|5178309
4915|2123402
7177|6708856
8149|9557669
3635|8072568
5311|3261752
2681|789717
471|23164731
3993|39641421
-2|261388013
6445|3508152
8533|5768675
3287|1726950
8951|17090427
7431|5354209
6905|4608071
2101|9207831
3713|9721133
7013|4477884
8007|7507905
2769|2527401
8179|166909373
2375|5577893
3285|6396002
1627|7015357
2599|3529743
4051|5613132
9429|4507598
356|2554166
9943|2890176
4503|1135191
2031|9095471
5779|31425399
1077|66680336
6461|4966835
8365|3785917
573|20649739
275|10926723
7337|4807556
9123|31302864
5405|2065434
2289|2579794
6337|4485118
1415|4136236
7757|3944003
263|13222246
6471|4608803
1093|10605967
9803|30367481
6313|127958548
699|16695826
3535|3030853
1815|6003968
4935|1762246
189|1691169
168|9901453
285|6116346
445|11695088
8861|10412495
89|22827538
2995|4674115
1158|2989253
7019|1928357
6789|333582904
9947|5579656
3093|3460256
620|2271793
177|7235789
5193|3801568
4345|13529482
8895|11880989
9457|3876294
8915|12483508
7195|7443060
1745|8092887
3489|2439258
5175|1282744
50|2163676
8411|2840228
3759|6726458
268|7004671
6579|104758120
4357|3629561
1379|1980409
85|1098608
4523|9746460
9023|1974194
5285|2195679
1140|5064438
6163|116840247
5647|23332563
5827|13019382
9693|6729754
571|13827533
8465|4439705
8675|7747299
6683|1454943
8215|4667109
953|15323777
9971|5290060
679|23007324
3311|2341431
3821|13996673
5357|1531669
6477|836696989
1155|14943146
8187|8330034
9881|4726424
911|16503085
9141|14922708
5835|7188686
3347|2154899
565|32620984
3423|14704788
4513|7270983
8157|5450967
372|7109419
6437|2636308
592|3633099
5515|1762495
4621|3536274
8319|38152260
7437|11869116
8133|2509781
9671|1885792
583|42948597
3947|6321233
885|8231856
9329|8879227
5999|4696724
6247|4876503
15|35669662
3409|6425754
936|4192914
5585|3536258
4413|8297588
6403|17365430
4265|10457349
196|11612640
3335|2173584
7767|3859831
9205|8695205
9981|7514037
1729|13840097
5623|72794739
336|3571050
6377|163635431
345|5966585
1177|9025045
8343|6785030
9101|13088574
2921|5513821
2051|4096004071
704|1668922
5613|4814505
2805|5003864
1301|3667080
4121|484620
9889|15789025
3907|8882070
2623|8408385
5577|4723934
4023|2330942
6851|2627843
147|21470790
1975|22775556
9717|5923992
4913|330125
9225|6520266
6965|2622983
6935|7101129
5807|46349474
9815|9639573
8547|11415259
4315|12045359
6927|10390535
1167|18422316
9309|14092837
3989|17458168
5139|27405844
70|20429045
722|2594275
60|2550288
8565|4861462
905|9362239
7579|4967537
2315|2337428
6641|2737467
6535|13886896
5519|3651689
2981|1311584
4257|4877382
5809|32760084
5083|6200983
766|8716463
461|14131884
3139|2595936
5225|7685182
1289|8563782
4083|10863051
5445|2954757
4443|3005010
2473|5485634
693|14048730
9059|11272957
4115|12536980
8485|6452970
132|6500880
5491|5543435
4769|1967364
6701|15597804
3469|20742994
7841|6717655
909|7689431
2755|5551141
6749|3264969
2645|13128517
1995|7242639
976|3460317
98|3772666
290|4115651
1387|21808718
357|3255218
8647|14065087
737|8998947
9425|39119460
5319|3484770
1571|20550188
7411|6214844
2793|41369963
6855|4812079
4393|2374849
8959|30836751
9929|42954856
9321|8651367
5649|8039617
8027|21011971
7949|12700162
7857|21641705
8831|10231871
1651|37234194
2229|4886214
8099|3354433
5181|704073
1157|12826605
4765|1655656
7393|4546963
9345|8118440
4653|19748054
4111|19356791
1509|9869519
9867|12713310
8687|24157549
5775|6978549
4535|4934364
6173|2236573
9433|54841872
698|2262034
8741|3593401
5279|1598817
1049|7974001
3847|5258660
4865|244949244
1010|6436208
411|37472114
2897|4365028
6849|11092879
2419|70317339
4859|9011800
8999|27662278
5179|874057
2797|3547006
6393|5754114
1761|3901673548
9251|2174469
7663|9838737
4755|2359130
9369|9789821
6941|5501019
6143|8309566
783|6136044
2171|7786211
5591|2921033
5283|9296707
7855|4154885
8503|8079012
2175|16973042
8357|19059541
8171|12374630
5451|3254647
5167|419140
2697|6580620
6993|3416920
4747|8629133
7853|8218715
7333|4727345
4481|4801861
5459|4683283
8345|7729660
1367|15066120
178|6507320
4589|11879706
9623|2995359
7533|4239724
6219|98047567
4789|10069683
5857|13954297
7739|13087138
1747|11208056
8269|8125336
855|13072824
2791|2703609
238|1399423
7859|8642770
7665|5457353
8795|10877000
5275|2468036
5511|3693760
6637|10975912
5255|3505838
9675|6928655
3385|5686583
6355|1189755
6301|10071914
8899|49479559
6331|5008606
4813|6405812
5811|23839700
802|1091932
9829|10319620
9997|15814901
7461|6441093
8405|1575513
971|14895866
6155|64602300
9575|16908562
4157|2865706
7213|3713301
5281|2262276
3115|14182124
8065|5062276
6475|143208085
5813|6774662
9051|2854863468
9441|5211180
603|10302425
5269|8155310
2901|7205734
7991|8841002
551|11915141
9665|11315467
439|3002696
5681|26026190
369|5915496
3501|7906541
4407|2081695
1145|1838405
9825|28400816
88|5774430
1249|14103562
1711|5615899
2151|6334742
1405|11590007
4955|242868
3717|1501637
763|43470450
1019|3172585
6061|4036874
326|5342474
791|2601076
622|2237284
6447|1703472
3659|8739183
6363|4261487
440|5194545
24|15215523
3225|4855503
298|2369467
3209|23721827
8911|5755051
7869|10939858
396|2653326
2169|15132539
157|7486717
3133|10509365
991|17512734
6895|2182853
7165|6041233
9357|6116564
211|19035719
4949|479765
2083|11543823
7255|4115260
968|2385700
3977|9166135
193|15573131
2965|13021864
5545|2763579
139|3458524106
1029|14302593
8085|31098369
4623|10036620
9391|3339521
1427|27614116
1493|16566662
6959|18792206
8575|7267292
3803|23198732
3377|51860499
597|8359736
678|3587244
6001|19971734532
7531|5780105
6002|45000
1073|17644618
202|14271206
4543|5882004
5447|4186736
6815|3738021
823|2863201
1611|7913368
8701|15263733
683|11367288
8623|6554930
2299|13520217
358|9693321
2459|3433610
6593|11003155
288|3327399
900|3292300
3405|4715773
1849|9463984
9237|8475650
4485|3405653
371|4120067
2741|5783501
1045|12414910
7595|7541103
479|5393852
3883|3813555
3757|1128119
4125|7351895
3825|8278867
2801|9106276
7387|5700825
529|12342976
146|20628853
5703|110928589
7237|13559632
5229|1297372
723|60591622
3749|9910990
6399|6050913
9879|6811153
5587|6264273
506|2356686
9491|2628599
2951|78977423
3179|7675309
7637|5514964
2633|3702792
9501|2289197
9073|2540597816
2121|10865670
5509|3016655
4997|6121488
5723|18108155
503|6664535
4989|1360485
366|2336825
4743|14375120
9415|7581482
8621|6838871
6185|1866857
6583|10881797
4445|40304072
6307|5076715
1020|4357734
997|5026823
9689|1742566
2969|4780697
5891|8174456
8047|152290276
7697|4818270
1165|7716854
5987|5102459
416|3047900
1889|19907179
7339|2830466
3595|17739478
711|12637122
4671|4704847
1625|5047998
721|6513217
859|18912152
32|56448304
4961|38399093
1013|3783794
7977|10492165
8165|10876119
6203|8842965
448|3181456
5237|2788535
7225|22598840
6383|13240869
6743|3914176
1112|28729788
5261|4203933
4699|1490947
6613|2567775
3815|5683830
5287|1123817
1657|2904261
1899|1088789
4629|1508009
250|8503557
5953|3984707
2003|6834743
970|3994061
1063|3441655
694|3480723
2135|1773716
6263|7738485
2829|4576067
6111|1528097
2779|15023746
3855|5371622
865|4327517
9559|43246466
5059|2058451
9875|13363681
483|282631008
3583|13944598
4259|8084215
1591|17415868
3555|10300703
6699|7315139
6009|6670344
2531|13289683012
973|16143767
9183|34256263
3079|2332353
4649|5121587
5879|28940296
7681|7922268
1088|8380955
1297|4961183
1873|4934246
6615|13036138
8567|10378929
1687|4251497
2495|6809303
6943|4242015
10|17440919
6379|5104043
5085|6296202
3391|20086939
623|22074151
8867|12259660
1447|87256820
1615|7475294
1051|11165590
1463|20082562
7753|3002717
8307|7124616
8953|19996774
3431|7527400
1381|26147001
1507|58746313
9697|3631937
813|12671043
1485|12713902
9505|1913639
4371|512080384
6297|319287
4829|7181950
7243|36485968
1877|14629852
8019|6218408
7061|7017551
9931|7900912
4167|3606704
379|6632140
8469|11578488
9203|1864427
5267|2535975
8761|4616287
9991|6700769
8781|16133743
5117|1562156
7373|4637767
4253|9122890
1887|6393471
4593|2938657
5863|73386504
3143|4627769
4867|5770000
4045|3043127
5923|45497276
7951|10109437
8649|5860632
3661|35500035
382|2671142
148|4654278
3237|3182294
7617|16342834
7557|4655024
5437|4611568
5527|5804979
7085|1017142
3105|2420342356
8385|3755718
3721|25328596
5097|5956537
1449|13484329
1497|7273879
110|14398764
66|1076157
208|9013921
4303|1966890
7103|7407354
742|7390321
727|12929280
7011|1632698
4625|80684981
3829|13861716
2617|6884713
5949|2518839
9291|1701396
2979|2526514
7043|1517119
4213|4512342
7251|1554782
8763|6512699
1981|567962277
1871|8354868
2879|6718748
4855|28467410
5313|5040200
255|3501584179
99|4044057
9519|24752613
387|18933283
4347|4365851
9887|47548411
480|4042210
135|4117510
5971|4389781
6501|4456357
3159|10419578
4307|1168578
647|10126328
1023|11319828
9635|9304808
6673|4621318
9243|26488459
1681|7337863
9817|5725098
392|1270707
8231|6105217
4579|3537327
63|3548867
8341|8288372
7267|10743276
8151|6404251
1649|5368282
1015|3236371
4165|3709467
2391|2915850
5961|3625148
7619|3728165
1197|7032434
4641|18691848
3119|9874165
833|5899206
876|3192121
3471|6130211
5399|4762092
1186|8498298
1311|5780644
1537|26330273
4599|3628319
889|33900297
8287|8158237
429|10701782
1939|5742518
8147|12168356
5025|3681617
3475|3336681
6201|2661075
1771|3240131
2341|19777005
7925|3188996
2533|10402825
1917|15296627
4511|3181470
1156|5952348
8821|13643456
788|32558533
462|3293318
4101|20495144
713|10421513
2497|13641897
1331|9809765
5049|17218198
3655|8103728
7541|29194945
1123|17544891
5565|4348256
9275|4765343
9239|7854955
8967|6827868
9975|4823089
4777|2330142
3563|14993150
1090|2285619
4271|3579785
1355|26040598
8753|5030902
400|3723454
4171|9623237
1064|3341232
7181|14474405
4809|14609097
7259|4219621
7375|6005120
1235|15491932
818|836110
8607|8319821
1407|16514251
4189|5090243
7097|173211131
5163|9309413
204|8017206
7343|3745115
775|8864718
8721|27456190
9323|5368279
8843|4970542
1166|2370548
8629|8469600
7499|7304425
4995|10256415
7895|3545876
1215|6788673
5761|5614510
4087|2984499
3805|2574816
8539|8092021
1885|6811507
1893|2900402
7585|1921369
7793|8095346
418|2654519
5685|2112556
2689|3228044
4385|19869687
9809|25333931
1741|17740804
9241|144921904
91|7395483
6153|7635412
3957|56112113
7131|23878156
569|15130423
1921|14072369
6581|7066145
2711|51660658
171|6843846
2079|12503038
7059|8029075
7463|8043561
9135|4911609
7971|5848390
8855|11461700
1479|19505911
9295|6512269
1184|6284282
3039|6428874
1383|29757974
732|4808321
4725|19336408
8573|7153687
9905|16925588
2691|5069035
2625|4634395
5597|4877787
557|8165156
173|5595320
2217|2047717
1233|12678824
7519|3171233
3857|3771003
5161|2787611
760|8669943
977|14278117
7351|8115560
8697|5090532
36|122179539
118|3934050
2153|3697982
4295|2620787
6149|5198135
8375|4682733
7477|29034221
472|398342
6029|9592269
397|22013954
8937|7323185
8897|5951005
8413|1643297
799|7574148
5639|3885160
3229|2767364
3683|2035564
8315|6592563
6945|13102848
54|32743245
5135|4890125
614|5206231
5099|2409014
9629|3710191
7073|2485858
4899|9557534
3515|282549260
6107|4968580
2735|8459385
7497|15297378
2639|3917107
5713|9944689
7943|7792442
4325|1856156
4705|2697072
4871|7689942
8921|18010824
1188|577512
22|11588125
9695|4810582
4091|1767755
6877|10225443
6607|132614176
2283|3701301
7385|6328003
8033|1748811
133|9970807
3301|11148227
8285|5543715
6915|33898079
7077|27953722
7221|5198205
3193|3343033
1097|3855938
1545|20740068
7089|16119998
926|5296297
5671|12678440
2035|5238955
8061|20554471
308|2505846
4217|3313814
1035|9650916
2657|2088123
2023|8067080
8825|12552587
5187|1512978
6899|3008943
7819|2796257
5607|7997391
5467|3586014
944|2131251
619|17762838
7775|12328362
870|1553521
7623|21882866
4521|27873012
1465|18251886
6427|11433688
278|5266425
1141|3091200
762|14605021
5783|5359754
6517|1692938
777|7628334
7907|8654484
1032|5245784
7879|7409714
7685|5986521
9581|8866218
9577|2678954
1819|7084466
7161|5114124
1307|9588700
3025|2570514
8497|6832899
7789|6465350
908|4463185
3615|4104152
8109|3858478
5803|20266242
5881|16809683
7143|9786011
9189|8472639
4651|509145
2771|2833339
1879|10603865
6737|6143972
9821|12745726
5733|10286121
4431|60929953
3567|2946355
3693|4807304
7301|3027719
2955|1679298
5177|6019492
947|14403358
8437|5133233
8917|14611463
2025|4638132
5819|126329710
6597|30333929
1055|6888295
8227|7768506
6515|6905307
9489|14100562
8039|21308151
2019|6798348
414|3801887
3379|3406629
6881|5003005
3657|1989285
346|7112775
1142|2740404
668|5512424
8907|4855852
1397|5415121
6663|2484112
1875|4399356
2387|4477302
7491|6403342
2295|2193807
1269|6894491
1897|7206173
9895|9817061
5345|1610200
516|2027895
7889|12228361
9075|14443746
2663|4148801
2427|20871479
57|3460355
6151|5007773
7199|5768114
2723|7122664
6983|27853445
730|2087011
7691|419353683
48|15090819
5473|5802797
5869|356373744
6989|2074249
2233|12992229
1057|12520946
2243|3878115
8229|16796524
956|4961374
873|23967934
4269|3417279
8871|10923617
19|50427395
7371|6700637
6023|3046140
7867|10516627
5555|4854054
2999|4044568
9499|7818166
2705|216983060
6395|4009542
2861|2906805
7095|37117051
1759|170946856
580|4174336
747|3929738
611|8762913
1787|22486693
7027|5948262
524|8428441
2713|4816385
1909|9984054
9455|2998179
386|4215821
3543|5492268
8273|2654942
644|2989359
7783|3859749
871|7424131
7771|20419504
898|4585767
4461|2327787
7777|160064052
9303|3765175
1723|6509090
9417|5334102
960|1519823
4987|502611
2179|34795139
4361|3351446
1693|2514086
6747|1512804
7153|8204302
194|29441309
7197|1891267
93|4854181
3531|9066509
2677|2339378
465|9094298
8813|9224441
527|3921901
999|3424530
9755|10329577
4885|7377526
854|4827168
6341|8240080
8071|5860330
8845|28181670
629|17658065
6139|3030346
7969|10759562
3879|5636385
6589|72254913
7203|3457371
5763|3422922
1009|12709214
1935|5639252
9891|20093759
5321|693696
8811|8914749
3735|8735561
1006|2861002
2573|24702932
391|10296511
3673|3353391
8807|7397779
6183|6769025
153|32062256
1018|1776337
638|1413980
1293|780019
2555|3777367
793|42941687
192|7210607
9153|17276006
9227|329222946
2237|9144053
3413|171109291
6425|51032374
4123|8126951749
342|6600271
1199|28462069
3991|7147735
2877|4172815
6685|5044047
4081|4577723
3211|8233801
2505|2427518
2363|2937326
2675|2891575
8499|8329651
9363|3999081
1629|2280484
3725|5901196
940|3380114
9147|14147086
5219|6508546
2137|2554849
5617|10454708
7365|3866565
9645|19201702
6777|2063040
7219|970073
5889|32935298
3243|4237511
128|11775358
2933|6273367
339|5201686
3089|4039180
8541|51225578
4137|3264989
4759|5759390
1835|5161990
9979|7683042
86|3691779
2865|9407257
6147|6762452
3987|3011318
1393|11661270
8657|13451703
534|4803420
1579|16779908
6305|14848477
8233|16396704
5303|1966425
9423|8817438
3861|6418466
5227|3420289
407|13239963
6631|1437797
5791|4194393
4095|3132860
3997|15311555
2511|11986748
1255|3682736
9313|3252796
6059|3951733
2627|17625250
5349|631630
166|2623128
6995|3216657
4495|2658007
5557|3294953
7023|3594178
508|5380831
7529|21891204
3155|8170376
4359|18171543
2125|18969668
4819|16656121
361|3866840
9899|10188492
1054|7389922
1113|9339394
8805|7291461
881|8042336
2913|29380507
8429|1764684
340|3768148
3033|1571548
7175|15339272
1257|7513595
1999|12619096
5249|56142474
5041|30968364
3809|5181727
4043|2192971
2033|10960965
49|4148393
4501|2405367
4921|120616333
4603|4762924
761|21838063
9161|3878941
4209|5751170
4993|6837225
4963|1106506
4901|4882680
5377|9230951
6723|4042027
5485|3421602
2441|3456565
1339|4244951
7569|28284920
6609|2586304
779|17574635
7173|5166067
5141|717291
6103|6719842
3551|8122270
5871|36305355
718|4050430
3741|7770334
5109|9080459
5185|1034634
8457|7619673
4749|22084187
2271|5196260
9865|2294848
8439|7031420
6889|3834431
7313|10464634
8593|13684512
5133|50190463
2523|4675835
3435|5504215
1365|14316729
5797|2787186
1959|5385554
200|4759978
6507|12017772
4845|284483
4659|4472346
1062|2134663
4059|2291878
486|8912844
1008|5647157
7319|4792547
1149|10694680
9541|3329850
8617|9092396
3787|9100849
8449|10959106
9529|5203994
2027|17752236
4351|1831802
2457|164567275
7709|12184176
7083|13823363
8161|354724928
4383|5653322
3517|1461128
5599|3495844
3183|9016442
7517|4244502
9909|16271861
191|7743689
1309|5677426
1593|38118243
2|23469238
7737|8397624
9893|16695417
1033|3510263
307|69681253
104|5466941
857|36532512
5525|2799374
2607|3138732
1131|3506293
7527|23333586
5795|6185609
9659|4530257
9017|17291263
3647|23578864
2843|10789535
1022|1711715
708|3604215
1775|9084936
266|4909722
8891|11268080
8009|3415631
8511|37492887
7239|7682744
8935|8680383
5477|8106760
8631|8999441
2329|11022939
45|22894863
5077|1783694
453|47338163
3387|4814972
4281|8428544
6997|2178392
424|4177394
7025|4048012
744|6566939
1072|1798619
1003|39124668
328|7672192
6101|8520005
9487|10088401
3793|9969403
2099|3170781
1413|10303263
2041|16756483
9007|3986608
321|1742495
919|13327996
7769|10971210
4823|3284812
9771|10037328
9633|16087448
2699|7598257
8679|7485331
593|6879021
7247|2312224
5157|6055045
537|7827306
2883|9443443
6745|2211883
350|1352676
939|25963749
8971|1497416
3349|2947201
4063|2333903
6893|2438289
918|4664249
2157|13986104
3633|2093946
753|4033903
7049|3448365
921|3665046352
716|1483187
9289|23972804
4317|3429779
5675|11071705
9483|5573424
137|4978107
601|3338090
8309|6235396
9067|3057177688
5007|1837212
8031|6015539
3493|7825318
9399|12897310
2205|3685003
9069|30710428
6599|1782572
420|7389201
9037|16884981
9681|9463633
9317|11713224
2365|2556912
4667|4874247
1511|47333933
7795|25544925
1017|5469730
4661|5771901
7911|5240500
274|5620989
8389|18019538
677|25482020
4879|6150832
932|3239669
3099|14035645
2535|4410932
3441|11447011
5081|3284906
6885|6192727
3719|5243928
2611|8622292
5433|19454920
8731|4247051
5495|6432921
2761|22286404
2065|4834416
1575|5745140
6003|5525693
8835|8672908
6529|7353500
2911|66787315
9|114044783
758|11448246
542|2247060
5443|2502197
2129|7666952
8351|11943428
7863|5098401
5061|4236354
6167|4697558
1283|39111765
4207|2076839
815|9076742
5673|17026401
1831|4515549
6767|5936247
5641|13562763
8965|7906036
1823|44617915
979|10645301
9515|4665364
3097|6499448
3449|8724994
4509|504075
543|10266788
5727|23398994
4637|6937516
2301|15584725
6827|5398582
9151|210019069
3395|5252024
7363|4414242
8235|15012084
2775|4068585
4721|3808360
1125|1138497
7551|2936728
5335|5408281
4105|3346195
5965|3871789
7055|6028205
1453|67772152
7975|8501957
7227|4905474
4939|25173799
4429|1810782
5371|53748612
7253|5814304
1913|20486632
467|1360488
3789|4862548
4647|63214786
2751|3514734
9427|2522775
1078|4266112
318|5895028
3023|11452346
7311|5430535
3565|13826772
7453|9672111
3967|5690773
7629|26542112
7833|11495291
5235|9706684
4515|3029350
1727|3253102
7223|21723568
3321|8430578
4923|3167080
539|10505406
9461|29006745
7963|8287139
869|12624125
4545|2146494
7495|24075191
633|48589462
2977|1679906
8611|6960905
9751|2511767
3841|8274809
1194|146250
1130|9210835
4907|850288
8563|4315326
9641|5564366
964|5534055
8349|29307642
5799|6399023
3949|11549610
5427|345769099
6887|22302659
8587|31080052
9347|4741811
3457|10633685
231|10148823
1557|3810192
7357|8284366
3359|13083702
649|15614790
1341|15876327
5307|3106269
302|1556665
8331|5701138
3333|3929491
2123|6847945
1016|2213971
5951|2587831
2813|33078881
9863|33333403
9443|2983724
7615|5281110
4645|5630763
6325|2988674
404|3586698
5017|3211681
6545|62920032
6955|1484863
2833|54863503
7743|9149041
1937|27680073
3925|8038152
929|13638068
5091|225363718
2765|10192949
4717|759370
864|7348355
282|2597872
8673|4464887
7367|2013492
7635|40115025
427|3187543629
934|2973390
1107|3146892
9973|4144743
8159|5635425
5149|2358840
3727|4549019
4005|7034596
2253|6509201
8969|5100199
6317|6021987
6807|15445639
6067|2438812
4605|4214436
3011|3238320
6691|5248559
1395|27364052
6069|8270913
1505|21465163
2167|6876301
6643|22834044
925|23062034
185|4073260
6433|2873428
1971|6586827
3899|6636249
1267|14135471
8671|3645967
7967|19249480
3507|2913895
220|1395800
7211|3339414
3557|3558740
3465|1619349
5183|2024618
1905|18531025
1092|4835965
7831|5938584
4241|682852
213|39954232
8869|28871722
5709|11132747
6241|17266897
7797|14516323
7349|9034113
349|3793703
5011|2563122
6177|7092583
986|2472387
5003|1047260
9143|19598303
1281|11465827
9031|5436846
347|7436641
1295|4729342
4203|990179
2847|27208337
4561|4880829
7761|5199464
7047|15289047
3017|3690270
7307|7015848
4231|11594428
176|5698615
6255|4643822
3117|20232393
2241|5785001
8713|15492210
1963|5443215
161|13646612
9467|4693064
4751|8799253
845|2320748
5113|1853341
6199|1826238
2563|6984709
9799|2249007
7929|12165981
1103|6277528
7603|4383718
6105|2202544
1623|7360414
5595|10235292
526|2045440
771|9904175
1817|4793250
663|5589006
5785|3345516
3509|4094413
4771|8792309
5487|5595572
281|58416395
4781|1744207
4187|6109394
129|11358352
432|6781222
4965|2097714
412|4618526
6349|12752889
2201|4169712
4565|3771255
9171|13199979
8049|6985684
4959|42044046
2637|2778357
5355|1692404
3881|7482461
2047|7847303
2139|13848937
2891|12420339
1655|4956510
9195|82066135
3403|20805841
7881|15107799
73|9365009
2451|3673675
4425|1921826
2597|2995488
8117|68595408
5093|1784890
7101|25154642
7921|8930548
6651|2328662
8799|5036563
360|1957600
9435|2435992
8193|3397528
1135|4096318
5247|10365727
4335|2807045
558|29170619
3893|10380595
874|4930668
8887|7313099
2869|7599905
3075|20809238
8707|7191024
4069|44675224
2839|1976726
4205|3333890
3585|5755492
1547|21368743
7515|19814406
401|27111086
378|2833410
1317|10593965
4127|9676548
7821|2161463
1933|3652248
5045|8287669
7657|32818115
4237|5326479
5759|1018975
333|2290154
7305|4724457
2177|4838781
9361|68584447
4937|6550434
1647|5878863
4439|5731931
8335|11466875
2119|7957403
3415|18518546
8203|4200017
5191|63208022
8017|6184003
2185|23422889
1529|91086175
8521|4036952
3723|11496202
8279|8573748
53|5591009
7135|67006549
1739|11439588
7981|8763676
1176|7956016
9099|19598331
267|5098146
496|13513215
9127|8473260
3669|205259848
6781|4452643
4013|2450179
4943|3239998
7923|7976307
5875|8029330
6623|8563854
9009|9679032
820|1540889
7887|11469342
9331|4224353
4329|4670248
2317|8157498
3607|4604738
5301|4349267
5119|1490304
7353|13525768
8123|2018618
4349|5723834
2875|7356842
1144|4068592
5407|32392191
3619|1691813
2647|1631200
228|1738475
8993|30389930
5969|10401241
4035|3469002
4463|4442858
5643|5328982
731|39129085
1689|13147248
5665|8742107
7983|4713952
3845|6535429
6519|7526810
2471|17490969
8347|12860324
409|9590170
8785|74957947
830|4256090
175|3111462
6785|2582816
9015|8931048
3575|6076178
7297|2565736
8191|5654740
9117|8750126
7683|20800530
528|2944320
2097|5408209
588|13037233
7759|8816010
2825|33984639
8715|6117638
8739|7148159
8693|9840212
1147|1841400
9277|19744825
5975|13151787
7303|7135292
2287|5861510
6413|8719863
3003|6330981
671|26710215
7399|2524701
6347|3290326
517|11461473
78|4353461
6537|3456681
4925|10573552
7945|10671920
6551|136545527
8641|6277073
4567|5185478
3933|5878100
334|3980905
6505|6954349
654|2610660
2567|3031017
7865|5271670
109|27355798
8893|8945722
1675|10283501
8627|12325605
1731|4111751
474|1661177
6269|6886847
581|4021915
3921|2860163
41|37337153
1859|5836549
4633|14945751
7065|5130558
3055|3816554
3945|2181119
2899|2505805
8163|41240219
1243|11220927
7273|7899022
43|26587386
2941|5646901
7119|2947926
948|3883045
257|7067842
1757|4416315
3129|2204399
1181|2526271
6369|5900366
3283|11409495
1477|1515823
9953|4899463
7167|8045575
1357|13042521
4039|10402056
2503|6359761
8885|5418053
1659|2784181
1190|4539225
913|2071910
6469|27901537
1433|16455861
444|4091663
1066|89473937
6007|4066712
5963|5828127
3219|13691940
1053|10675903
5071|4137593
789|4460969
2075|5187004
7005|36146644
4551|3050741
3295|4581035
9555|14232737
2785|5386519720
8559|37132364
230|2528115
8303|3331505
2745|60571498
7443|3900722
625|11742767
1777|13690167
9995|13804576
7741|8221992
670|3212101
8613|24347719
6761|7486248
9413|9193552
4847|6118421
9649|7187873
6891|6509932
4287|5141277
4801|9896258
7501|3160442
6423|4310845
8415|4858668
1245|3988646
9255|2847936
8255|4707339
6847|17580199
916|3713792
2667|3866193
5653|20316424
2491|414135403
1749|7633397
5067|17241252
2429|25574447
7567|8593755
666|2713316
656|2115578
2305|19420447
5277|2607802
5659|15175723
297|4376661
2071|12367412
8037|6516009
1555|22302157
9375|12588269
8597|3167793
899|5811627
2455|1149902
3859|13049011
3451|8583194
9917|21910730
8005|3872288
952|11961648
2903|13655269
1613|11063594
1083|4704716
7581|12985778
8589|202857459
556|4722161
225|13980815
9173|14758423
115|8538895
6435|16630215
1291|6840907
4397|750109
8115|2705768
6619|41586099
5471|6951693
143|18168746
4493|2702541
6775|2452011
1737|6404699
994|3869448
1118|5695430
3523|6832560
6835|18497549
6707|19613856
1179|3484586
8125|10261349
5375|4868095
6917|9987515
1423|26070905
172|2570895
1551|4907018
5559|3945080
1927|6545420
7633|14397330
3703|14743748
3765|7317262
237|5964339
5793|2299067
1541|23467771
1969|5792555
653|6494326
6333|7027372
6191|10416072
8145|5835324
8409|2127543
489|9710026
2353|1581328
2961|1691041
4107|1375540
2433|4738139
5057|3293171
4175|1133844
484|3681586
7835|3581672
2859|93170895
7209|9646800
9377|43043455
5717|14278493
1128|3777256
4387|42390467
1247|10225828
1881|12095341
6867|932272
6971|3427805
4285|11288124
8289|8795198
4875|2198376
2235|10403088
1549|37660922
3853|3099753
2187|7539730
798|3245992
2507|21215901
4799|29138742
111|4989361
7671|7898239
142|4534313
1172|3216189
7779|4467843
150|4838091
426|8139950
187|3815443
1227|4114327
6911|2783039
1931|17271551
9757|9154146
7871|20515059
5417|6151811
5479|17726096
8735|4383414
4243|1463134
9621|13415987
2783|10978274
7837|14996421
866|10728217
924|3996274
752|4744948
481|5030514
5789|2472107
8073|16781888
6131|34483545
314|2689027
8809|13376834
9039|12956133
8363|5970998
1193|5072706
9705|10722339
3067|3636697
1707|2848435
1439|58758491
7151|52320906
17|30752836
3797|7735437
3951|9903210
3477|6615197
9061|6820109
935|4027665
1069|14288529
5691|22399080
6459|9744001
8505|5396317
3497|14942896
2281|3311977
7075|683161210
9407|3767559
958|6088149
6655|5658937
8261|5609419
9687|4858834
4179|8421256
7919|12652205
5461|2390484
1261|14834920
3273|3481301
4225|3697426
5309|4608183
4835|11648245
9327|2217639
1159|41701609
436|4551621
7553|7493662
552|14173919
7993|9470184
7547|7097134
8035|2654629
300|11963370
3269|1177994
1799|6030173
3065|876111
8197|9505796
4873|6529877
421|3076841
1385|45572766
3149|5791501
2359|25441658
2147|9030540
9831|34734384
5533|3848307
1031|6173140
1605|7966661
9293|8658033
824|993292
9941|5304151
2021|16288936
4531|3379040
1209|8002304
447|21363780
7933|19375569
3695|10183689
757|141222021
5385|23839628
5299|3603315
7719|7156812
3763|7042567
8265|19608338
825|27248902
2009|6294119
26|31744053
4195|1545442
5631|8198986
2381|94453588
9265|19530545
4161|1656921
5845|3633955
6681|86925400
3653|13989883
733|15886619
40|31878808
9187|8913709
5389|10897604
5029|20914871
1313|31940826
3675|9628526
8431|7072240
2073|8512155
3613|12216206
2615|6860542
303|116710187
4783|11942987
6811|15620605
8401|6457139
1631|5960271
343|5171274
1825|6698658
8633|17238324
1043|20605101
6351|3246414
1523|15719553
570|933131
957|17405743
4795|5291929
31|3328857
3709|3177795
6063|5127245
8253|17175721
5707|11192469
1679|1002306
5905|6920473
35|28894511
3329|7378898
222|3814759
7875|8550604
9385|55402539
8709|3194734
9263|4039923
2431|20369546
933|1897937
415|150968452
3043|1859464
5935|2255490
3795|4472849
735|1356993
6697|3832160
8135|12677894
8689|9331731
240|10149427
466|3112822
9419|10444122
8655|23945302
7785|2854764
3905|6794587
1329|3666255
4089|27575971
100|6552660
7403|1924470
835|10579016
8779|19570781
7647|6535175
2239|12897131
183|4234740
8481|6580731
5899|8463440
5159|3133319
477|11260016
5699|117907804
1122|4029431
2585|10019834
4957|38939525
8403|6434756
2975|1302497
5039|10393599
4611|2677192
1353|11554968
499|1072493
2493|10986649
1241|11129512
561|36106000
6429|13192028
126|1677265
1639|23257492
3069|2132919
4555|4751243
7405|2574356
844|3847974
641|4675167
604|1501582
5053|5676129
4697|4272707
7417|14165515
2055|9285867
9213|8321673
826|3039065
6289|3187474
384|6661374
2893|9493411
8433|2102259
8463|5994852
2575|8962876
4669|4522863
273|4962366
1028|2623095
58|6720282
2547|4126126
2581|10602405
5151|1166098
3147|1394065
1037|31104894
7183|10114790
849|29636609
7139|5508387
423|12463716
7111|3433924
5143|9211229
2849|7187038
3305|1565278
4283|11642774
8791|357756883
2939|4204584
2719|20894131
80|6704293
2425|7491594
464|2771516
4367|7574620
9307|26157773
5171|1452117
684|7348730
249|4653432
6123|5587850
8251|34474164
8427|8269061
1277|24649169
3593|49770213
9445|79661649
1785|11019124
5465|4943500
2887|16682811
2967|10498538
405|2929825
8677|11874089
64|7123936
2937|6074928
4767|12740123
6319|612299
3959|31440827
1883|5381638
652|1338437
3263|5176520
9197|9640475
8371|6828063
7377|5756933
3189|13772642
497|7027543
5215|3067834
9935|5161328
9447|2419217
891|14578026
2213|3815251
984|3570986
4427|3361124
6645|21751326
1949|12240884
5609|2237830
1287|16105454
5169|7038987
9767|3275678
2773|6100468
4715|4088402
4595|39759309
8981|9989098
9523|9970705
7549|11983199
184|7095710
1671|25211369
9339|2035845
8723|9472497
3443|15713947
3605|3267023
8479|4773348
2207|9579621
9043|23662142
8127|8731191
8107|17903864
8139|13265986
515|18090113
7265|654190
6869|2973876
4085|4428994
7989|16755520
3603|7226250
9207|6833083
5603|21346176
5731|1927710
4999|3166834
6751|5131305
2337|32567399
3213|12445631
6213|18767815
8913|4107644
1715|11218258
967|16313818
4793|5079365
8423|5949648
2191|4870875
5677|22490725
7909|3543465
3061|1145962
3227|3328362
5023|22740333
7123|2166894
1961|14592860
3313|60975486
1026|3930224
4319|1847809
8185|22061531
1763|14975112
437|7795456
4733|673447481
9871|21961539
9209|1070882
634|2101752
9549|10053510
7217|8636616
5721|8842260
417|28545928
2873|2206088
3835|6011409
152|5184366
8393|4379511
2421|4544062
1375|13820375
9191|37924313
3597|106545128
1915|4905045
797|10004433
3519|1470535
8755|13315899
8975|5337048
7805|11692262
8645|2649496
1595|51434789
4133|94194591
9477|4307502
9109|11228389
8553|9060153
531|2200304
2923|14813299
8323|8450701
4473|5432366
9119|11065037
6791|3995235
2339|19484752
7711|8343808
5701|31080337
3871|21745031
1101|4648429
920|2622427
8583|4907175
9181|7508047
2777|1811435
8875|8859394
3533|18231292
6119|13395676
3185|5733053
816|1779387
9221|185659850
6353|2423817
4851|2072911
8579|3901152
9733|3028041258
5853|37850526
3985|4424697
8507|28778058
8313|3504172
1767|15237536
7503|17161765
7987|8375866
872|5876947
7|76177811
9131|38980954
8199|9457498
8849|14141756
3411|7893993
3103|8808918
301|2565009826
330|3597043
3561|4901751
1071|2698382
5615|9527595
595|21185324
4681|3251345
1455|41778727
4119|1376367
6273|13357311
1435|14895457
8225|6879953
4033|3035291
5973|8464192
5147|4472131
5223|5760840
4947|4595083
4333|2087738
4553|139236614
2653|1576957
4053|3160272
8275|15423819
3151|2242091
5581|4796920
6281|16281284
4857|9601275
1461|11935320
2255|6556474
9397|12293706
1211|159512044
6225|3856081
5475|7325638
3979|12837250
5787|4734077
5991|2596933
4979|1514698
7511|10859080
7521|6257010
3045|33951876
2227|38166739
5747|3797323
6421|4331535
6661|3384758
3199|4431434
4655|905962
5771|3729875
1173|5689260
55|12007200
6257|6532586
8783|3748058
4433|2558249
2767|5271088
3203|4113652
155|5727186
6567|6634660
861|15465633
3031|6421820
2081|6059342
114|9646222
4075|2472267
877|24558942
398|1795249
1543|10355418
1983|2225246
9563|19126030
4375|13521548
5189|2484204
9743|1557942
6829|2863229
2477|22947491
9911|10381703
1669|8183639
1377|2923808
9639|2179977
2527|3174873
774|17908670
532|2464807
6803|3202165
2361|2625772
3541|6585729
7901|6591498
7425|36257861
9267|8553452
930|1296325
1152|4126869
9021|20046606
5055|11258827
1205|8163758
2565|6333777
2319|3834572
117|18949514
6709|2666189
2141|4601692
2343|13795916
7523|10816732
8733|19101201
1839|14792717
8557|11605923
5|131212475
8605|6186825
6561|3800513
5547|3888916
7661|4654119
1469|24451807
843|7116176
4299|1755988
6499|2756503
8361|7182069
1005|6633221
3191|11739570
3447|1827456
7481|11427026
7807|7353992
2845|11157843
9877|6179462
1075|2317684
5993|2897381
6321|7203004
8529|5418635
2103|3594706
2485|3896568
223|33274638
5439|12767965
8121|16323873
897|15389903
8581|15822732
4631|14290469
602|1737607
8749|25560197
6953|20982300
2095|27765055
2759|48878230
1487|19180448
7187|11376290
7513|23628496
3439|4403992
7409|5083691
5767|6017044
1733|15077909
8419|8347027
3637|4042306
9951|7337620
2469|2903502
572|44383801
7105|5679045
3307|7430480
7505|25841373
344|5542615
4401|1558034
4029|15918620
9977|6124828
164|7528040
519|5466299
3953|8699225
12|10359070
3197|7605947
3399|8687880
186|13808451
3111|7162000
3289|7487229
9769|2256322
1891|3059384
1161|8722020
1056|1873680
1070|1314966
8545|8937841
4255|4701954
785|6359153
5865|693704277
5251|3763365
2215|1982272
6065|3690060
7885|82646891
6137|25164620
6981|1897842
7051|8046370
8299|5524651
4687|19205241
6285|8795204
2661|2692864
1473|11152826
2077|4674383
4215|2197962
9273|3939811
5945|6283812
1110|7841469
966|8614249
1609|14263686
3125|14891793
828|1076580
2037|5556594
6175|23520511
2881|15072958
9737|455794
4843|4039299
2467|5770606
9283|909344
5937|7054487
805|4634755
837|7446483
2601|4392127
2189|4645113
5469|6674166
3889|26278591
119|13750642
6875|122054063
4797|2469118
6973|2432310
3681|5021773
3833|24059487
784|9275147
3849|9549457522
2925|3190246
9223|1631694
4711|854355
8777|54318473
1521|7785266
7555|6074483
2669|2991562
4021|12015853
8873|6568003
8089|73372669
381|15353082
5815|47304031
3919|6875990
4457|4808834
7611|3902598
216|2234245
442|2260464
7439|15560677
8495|5892718
4077|2831065
6759|6313489
9155|10448377
574|4706774
3839|9479649
808|5679796
6671|9227923
884|5414731
878|5571380
6239|9002869
5331|3435003
509|35659281
7359|3787879
4613|3092428
3389|2994779
7699|17305221
2985|2591511
160|10081896
9869|2046414
8075|11327680
42|2486300
4455|840840
3339|4086725
2331|5299910
9175|7036588
322|2212294
821|13427841
657|17883928
2039|5867175
7471|17642008
6479|9091527
3463|6699167
179|7286847
6595|41682044
2655|2149681
3807|33456502
428|2970578
7039|3244797
5801|42537142
5611|17023124
8651|41247798
5305|2868874
5047|21134196
9281|3434679
795|11785796
9041|15245797
127|5354442
8441|5571811
955|4016256
5339|1568101
4117|5434208
4417|25995237
743|16559259
5919|19966044
7587|3265450
982|4834785
233|13644489
7395|4436383
4369|1209314
754|1888511
7447|11091319
8797|8018296
76|2472302
1779|59779321
954|5488713
6049|8561250
6951|2810847
310|6874766
7729|5714902
612|2566747
819|9317012
221|11755305
4027|333934
162|6370376
1000|2167528
5523|2862747
3761|10233168
406|3834100
621|22120299
4|30333301
8387|21803549
1475|21945614
803|122491417
6825|4776345
264|3662765
8211|10181292
3013|1664286
6229|17808305
8883|10009359
3041|8779426
383|16125428
631|19788100
1046|5662769
6081|3357434
6193|1849417
7449|28526696
3257|3409553
1795|6561113
195|10944464
7905|6756977
7455|13506008
112|7796855
862|4272259
7941|3625905
299|9040518
6677|8769482
7559|5719733
4471|4872543
9883|25761551
9819|26271191
2631|18751631
8081|201821610
8451|10097761
5253|6881772
458|3882633
47|16878731
636|1150855
5221|18835885
7653|11288670
5087|3835155
5583|1979717
5947|4247877
9463|11650908
6169|2159940
4163|9843698
767|19185238
5035|19495504
5689|9708298
5409|3745003
3715|3654107
985|12734168
7539|4959880
329|6001480
1095|10164638
8549|5379779
5013|5134147
5379|6304225
4571|6788097
8217|8703238
2085|5252100
4129|3546516
8489|4292924
3245|5225264
6799|3145546
1102|10511305
536|3224650
403|8556072
8337|7427030
4389|1100279
3207|13939075
646|3922393
9605|11668890
1563|12949545
6513|2159407
7677|11768405
5095|504272
9359|5031022
2355|16304853
9777|17198825
4497|636912
5065|2856272
2163|6470492
2013|5454671
7021|3169360
3999|4846207
9299|3231276
8455|5843249
5667|17822582
773|20987421
9601|20805242
7087|3044834
2579|16697184
9535|3148582
988|4859396
9763|16720207
4973|5666036
3397|3135179
8417|3347924
535|230669596
9315|3851677
8447|2647149
1192|544600
9897|19858398
1094|3126887
661|7634544
6523|1542123
327|3040592
842|7269685
6979|74405135
6115|3267453
3545|4222586
9807|19288956
2895|11605070
395|10949755
5989|4727598
6625|6809400
8209|3821333
8119|5290551
7605|18792560
1437|7956643
1699|8712216
1513|11469666
2853|11098531
1945|4418129
3145|25750448
3495|25457537
2683|5346904
9533|8000894
8055|61435358
5033|4076633
2519|4875957
9617|8800211
7125|1402600
1127|13048102
726|1390558
3601|7665946
9853|19183844
3467|9587399
1705|2348193
6639|59856434
6431|1529721
3863|23550285
2407|3174215
7591|19961305
4099|1465142
478|6230631
2273|3704784
1345|17504691
7609|8513020
6735|2482876
276|5124994
3267|8308440
2605|4785614
5341|6372507
5079|6527443
402|3287924
2809|34795201
4971|3817414
609|20806371
7731|25880129
3087|49718084
764|10048402
5943|11835061
5505|7971347
6323|43532399
5363|692500
7745|37728916
6843|17302948
1743|2517411
4153|987200
3239|4668080
9679|4099899
9963|4030860
9409|5618804
74|4141048
696|1061063
5911|15085065
1114|15083666
34|26853187
6967|33252314
9553|9998992
706|4043736
492|9551982
8847|57555851
7667|412038721
3485|6323403
1997|13179429
7215|1350964
7673|6055426
4479|7206488
4279|7770734
8093|17812562
5781|1474465
6605|9194480
2715|1881287
7725|12438296
9965|7976029
1321|13111748
8069|13537148
8711|10358523
5323|3069460
1275|13745518
4477|6473990
3903|5018126
81|1815019
3973|63290058
2351|11078884
459|3287842
4275|1394576
7801|4962493
4339|5762331
1923|3172129
2763|10253715
3029|10744966
9335|4681951
1080|18368330
1143|4565472
6291|1948965207
2963|4073901
590|3047827
9903|8623311
922|4731649
8113|12116625
7883|8699894
645|17654408
3483|131084396
5295|445689
2757|7156541
6725|4321568
9393|12653048
8833|6903849
8355|20114108
3801|7271646
1044|11833454
495|18024460
9859|9163599
1058|77993046
482|3317285
9003|7776131
431|5398918
6937|3584456
5521|4017223
9713|3170160
7717|2970789
6485|2600755
5353|3060268
2837|13220264
1429|52079867
974|3520033
9845|3122526
4953|2279553
7347|2981092
5925|77069492
9025|15186683
72|5032638
9115|16416019
3499|1249567
513|2426295
4549|2302052
1467|10924537
893|5490123
5231|6188920
4373|5992834
8491|1289037
9111|14366582
4097|2685495
9337|3882079
1061|2782751
6563|30162343
5833|235919329
6573|4923742
1138|2593727
586|5895223
2671|4912803
589|21118571
8291|34532306
475|11243476
289|4673431
9603|7103735
853|11337154
4695|4523014
6921|78805537
214|4881351
5877|273348313
7117|12871044
2649|14205317
6367|2818427
8051|2100704
494|2756503
2871|26208562
4619|2032854
8011|3980305
9453|2331465
7037|7001911
3609|1954178
2439|4753135
3875|29095659
1489|33935910
5913|10587930
312|2951325
2323|40663337
2149|5522063
9593|5865784
354|4455253
7985|10839434
6903|1326866
2399|11442796
247|27081203
6405|11985834
8987|21557597
5635|3464279
5749|4854706
9723|2265271
3205|2561295
3021|2085946
4583|1980281
1299|6599659
3643|10337389
959|2776371
8023|6711187
7207|5374109
293|5564061
7927|78132245
1150|2648852
533|12547944
500|5729393
5347|2034210
9365|44288003
8167|16361565
1050|4945894
6557|4573457
491|5864564
8661|13101040
9841|20903329
1805|9533692
5201|1612762
8815|203297059
1153|85774855
441|29620844
4827|11302765
3799|4332757
7799|3655771
5933|3307813
8517|3214305
4933|1034676
8615|6288961
834|6009970
8271|15607972
705|8396681
7381|3917610
7845|5852684
3901|29978551
4131|2733543
9517|2079248
3843|2215195
520|1073819
309|94571649
8029|6555259
6817|4296344
790|1994145
8087|10350640
77|38081677
292|3444630
6233|3068464
3671|9444443
9033|25785281
5939|16154039
4199|12074383
669|5759851
3911|5070900
3057|4587337
2789|15523376
4149|3411479
594|4741948
8663|23802682
3131|2929629
8525|7543543
380|3380604
87|4038978
8353|8424380
1191|7557018
801|5758944
2409|1182639
3249|7699065
702|1256773
8905|17371939
2595|5681513
5823|8898367
8067|13868885
6473|11562356
6127|2279531
3885|3735529
9779|33081394
3737|2411234
507|5997257
5197|3330131
1867|7320159
4155|7144415
796|1489954
2717|5305436
4753|3149204
8003|7986358
5697|42106848
2107|3326949
4975|2802134
95|8829572
7939|2330422
4811|976360
7727|8647711
2835|8767631
6311|14388811
8851|15946156
2501|13125474
2959|1893118
1076|4413242
451|2057894
1501|4555680
8561|25915235
9379|5383010
4741|7514068
6805|4601766
8637|37022164
729|11449254
7001|9221478
90|5414302
6357|6980169
6711|8931643
8173|8825370
2541|3586063
4529|3378298
2111|2168934
6227|3230416
218|8573039
1441|13509091
1599|18652053
9813|12273004
4067|9634922
4227|5874484
5817|8293036
6443|2157486
7525|35576191
692|2043417
598|12521029
9703|4386425
3181|11044567
2827|13105900
138|3633217
5589|3940676
1163|10813738
2043|3111483
5111|8638646
2211|9599673
7565|68813598
5893|10288143
8293|11468606
8277|3118177
4377|4044784
5391|14165313
1081|3606105
746|3509963
9165|39988349
9019|8660521
2461|8689793
37|13407887
362|4297767
608|6275651
5821|17393814
3791|8389390
6261|2029356
2693|4046303
1903|12979739
1617|17525350
896|5501454
863|18261418
840|3358436
1074|1918720
6549|28754502
632|1593568
852|6485065
5773|3486714
377|30521772
6243|1183963
3975|3039075
9261|1962581
8263|7488552
452|3129584
4093|3664105
23|30007722
5241|13215423
5173|1484851
8789|4157374
365|2983137
890|5080897
2855|9826770
8369|34150606
7423|3450222
9711|5153552
605|1508547715
3783|5105381
97|13433631
9655|2236336
6339|6055982
3121|1961203
8619|21628580
4895|27748077
2727|12943416
7713|4194925
1587|35437164
7487|15390456
4183|5464278
4411|4628054
894|3242250
8321|19062087
6991|5448774
2413|15266133
725|5335289
3303|7552087
7383|11270667
3941|11501212
831|11386687
8923|10552287
9775|6071784
9065|30171607
4727|3628229
6913|10842327
7029|8924947
8523|11287064
4499|1314294
6419|2819658
1325|22401386
5741|8789378
3175|2985368
7965|9263308
3589|8501811
3529|1609948
4435|3969632
9349|4865725
5293|25229149
3453|6076810
3537|12578082
7701|24919270
9749|4325003
906|4872981
1451|31740952
9613|16616453
92|1324262
9097|3107433
1030|5832846
2445|11811486
4421|1559026
7057|236263992
1621|7090104
700|1413118
686|1232701
2435|9556396
7407|11852954
7391|3396204
258|3218407
210|12895666
8013|6037243
5729|22599404
5137|21182167
949|7693999
3811|20786591
6113|3373199
8333|12331008
5209|1827944
2481|8502846
1853|6644390
485|4978885
5619|25687455
7995|22980108
6733|4512532
9235|7955068
1041|9104822
367|11472395
5421|1398892
8467|14508743
7509|12457908
7133|4009282
4575|5280858
9311|27222779
215|9298340
6575|2645441
4251|12967822
5483|2889273
8827|7382474
2309|17633908
219|2981987
1052|300104682
3107|6458568
5751|2799979
331|6542446
3971|8889614
1361|18933265
9459|17772292
8947|10412353
7483|34524416
7957|7876900
972|8625962
6719|10230804
5887|14980512
9341|13428000
4353|4732886
4597|1147924
5755|3694777
6463|3234007
1527|35139573
1137|8643447
3823|4691210
5541|3813145
390|3119574
1531|20728702
5239|4426016
5687|4463786
5009|8177360
9949|4106642
1001|8205315
3201|7899785
745|2739581
8939|17624864
943|17062766
373|1496075
4591|3463584
6713|76836397
5217|2645527
5859|29663254
8535|5229639
5453|24337790
4945|9649503
4665|8212481
4627|668033
2587|4378736
6335|6982818
1957|17269250
8045|39788323
2707|14858348
3981|3543278
8057|20307845
3831|5339276
1305|34934383
4643|9819006
841|5765915
1791|1380003
5489|5401195
4365|17753359
9833|9134828
2401|6731647
1259|16519015
7773|2730854
502|3444446
1133|4375234
2417|3793631
530|1361591
3235|1913775
8949|4794205
9573|11826490
8181|2215937
203|6012505
4141|10495571
9585|2821725
809|10519333
8609|4156842
2823|1589071
2285|6554036
62|3543591
9761|1883779
2479|10188922
923|13892846
2069|8051098
1539|15610008
1239|15386060
9495|1504082
1641|6559910
9437|4015276
3355|4630633
555|4222183
1445|2993830
6057|2894998
7295|5519614
6365|3504479
4057|1533405
8729|22253162
4729|4223812
2987|3572306
5661|7372372
1735|4069972
4017|6369514
756|3216218
3083|3209974
3813|10255249
7695|13284610
3367|8294474
7159|4773795
7433|4926368
6587|25267757
6027|5865195
3281|17081846
879|13389559
8989|14045027
7007|2035134
1581|28895753
9923|9190954
6217|22875578
1265|20408344
3049|5068283
2165|2984742
3337|3532600
3157|55692083
9627|14275771
2889|5948668
695|28787281
3417|9262582
2225|22356712
9249|16348950
4787|16131292
7849|7219073
9387|1534093
701|7108473
794|2059280
5503|4819997
